OrderID,Date,Product,Category,UnitPrice,Quantity,Revenue,Region,Salesperson,CustomerID
O100000,2025-07-31,Theta Watch,Electronics,11.07,1,11.07,South,Dina,C6456
O100001,2025-02-11,Zeta Socks,Accessories,195.17,2,390.34,West,Dina,C6926
O100002,2024-12-02,Alpha Hoodie,Apparel,162.63,1,162.63,East,Dina,C3934
O100003,2025-06-16,Epsilon Jacket,Apparel,171.06,5,855.3,Central,Ayesha,C9323
O100004,2024-12-31,Alpha Hoodie,Apparel,135.89,3,407.67,West,Carlos,C5311
O100005,2025-01-13,Eta Laptop Sleeve,Accessories,177.62,1,177.62,East,Ehsan,C8993
O100006,2025-04-03,Delta Cap,Accessories,114.2,1,114.2,North,Carlos,C9806
O100007,2025-01-30,Epsilon Jacket,Apparel,139.38,2,278.76,Central,Fatima,C6273
O100008,2025-03-12,Zeta Socks,Accessories,45.69,1,45.69,Central,Fatima,C3229
O100009,2025-05-25,Delta Cap,Accessories,149.32,1,149.32,North,Ehsan,C3619
O100010,2025-03-22,Gamma Sneakers,Footwear,222.01,1,222.01,North,Dina,C3606
O100011,2025-04-09,Kappa Backpack,Accessories,49.46,1,49.46,East,Ehsan,C7354
O100012,2025-05-02,Zeta Socks,Accessories,150.4,5,752.0,East,Fatima,C1184
O100013,2025-03-09,Alpha Hoodie,Apparel,114.32,1,114.32,East,Bilal,C1450
O100014,2025-05-27,Beta T-shirt,Apparel,232.61,1,232.61,East,Ehsan,C8975
O100015,2025-09-18,Beta T-shirt,Apparel,129.47,2,258.94,West,Carlos,C3689
O100016,2025-07-16,Iota Charger,Electronics,199.77,1,199.77,East,Fatima,C1137
O100017,2025-01-15,Gamma Sneakers,Footwear,142.2,1,142.2,West,Carlos,C4219
O100018,2025-05-13,Delta Cap,Accessories,17.22,1,17.22,West,Ehsan,C9264
O100019,2025-11-07,Theta Watch,Electronics,27.98,1,27.98,Central,Bilal,C7640
O100020,2025-06-09,Zeta Socks,Accessories,115.43,2,230.86,North,Bilal,C3647
O100021,2025-05-29,Beta T-shirt,Apparel,55.61,5,278.05,South,Fatima,C8090
O100022,2025-07-07,Delta Cap,Accessories,161.37,5,806.85,North,Carlos,C7877
O100023,2025-01-11,Delta Cap,Accessories,81.96,1,81.96,South,Bilal,C4442
O100024,2025-05-13,Zeta Socks,Accessories,245.81,1,245.81,Central,Ayesha,C7956
O100025,2025-10-18,Theta Watch,Electronics,28.08,1,28.08,North,Ayesha,C4369
O100026,2025-10-21,Alpha Hoodie,Apparel,148.82,1,148.82,North,Ayesha,C7483
O100027,2024-12-23,Theta Watch,Electronics,52.66,1,52.66,South,Bilal,C6795
O100028,2025-01-03,Theta Watch,Electronics,54.68,2,109.36,East,Bilal,C8403
O100029,2025-10-30,Theta Watch,Electronics,120.91,1,120.91,East,Dina,C9783
O100030,2025-11-06,Kappa Backpack,Accessories,122.42,1,122.42,North,Ayesha,C9046
O100031,2025-03-27,Eta Laptop Sleeve,Accessories,243.77,1,243.77,West,Carlos,C3645
O100032,2025-07-06,Zeta Socks,Accessories,183.07,3,549.21,West,Carlos,C4750
O100033,2025-07-13,Delta Cap,Accessories,215.9,1,215.9,West,Ayesha,C9731
O100034,2025-04-11,Gamma Sneakers,Footwear,58.69,2,117.38,East,Ehsan,C7268
O100035,2025-10-23,Kappa Backpack,Accessories,232.01,3,696.03,North,Fatima,C4076
O100036,2025-02-09,Delta Cap,Accessories,222.93,1,222.93,South,Ehsan,C6218
O100037,2024-12-22,Kappa Backpack,Accessories,68.33,4,273.32,Central,Fatima,C3461
O100038,2025-08-01,Alpha Hoodie,Apparel,197.72,10,1977.2,North,Fatima,C8250
O100039,2025-06-03,Alpha Hoodie,Apparel,50.57,2,101.14,Central,Dina,C7584
O100040,2025-08-24,Epsilon Jacket,Apparel,230.78,1,230.78,North,Ehsan,C2679
O100041,2025-07-09,Beta T-shirt,Apparel,171.43,5,857.15,North,Ayesha,C4495
O100042,2025-06-26,Gamma Sneakers,Footwear,247.53,3,742.59,South,Carlos,C6714
O100043,2025-11-16,Beta T-shirt,Apparel,124.64,1,124.64,West,Fatima,C8123
O100044,2025-06-29,Iota Charger,Electronics,78.19,4,312.76,West,Ehsan,C6714
O100045,2025-04-04,Theta Watch,Electronics,41.17,1,41.17,North,Carlos,C6575
O100046,2025-01-18,Iota Charger,Electronics,103.19,1,103.19,Central,Fatima,C6374
O100047,2025-07-05,Eta Laptop Sleeve,Accessories,132.35,1,132.35,South,Carlos,C5271
O100048,2025-04-20,Delta Cap,Accessories,148.37,1,148.37,North,Ayesha,C4337
O100049,2025-04-26,Beta T-shirt,Apparel,111.39,2,222.78,Central,Fatima,C1999
O100050,2025-04-18,Beta T-shirt,Apparel,205.4,1,205.4,Central,Fatima,C7913
O100051,2025-09-27,Theta Watch,Electronics,173.99,1,173.99,South,Ehsan,C7456
O100052,2025-07-06,Eta Laptop Sleeve,Accessories,115.4,2,230.8,East,Carlos,C1275
O100053,2025-07-18,Beta T-shirt,Apparel,35.22,1,35.22,Central,Dina,C3034
O100054,2025-08-05,Alpha Hoodie,Apparel,20.06,5,100.3,West,Carlos,C2364
O100055,2025-04-04,Eta Laptop Sleeve,Accessories,132.63,1,132.63,South,Fatima,C4814
O100056,2025-01-12,Delta Cap,Accessories,174.68,1,174.68,North,Ehsan,C5824
O100057,2025-01-21,Alpha Hoodie,Apparel,86.5,10,865.0,West,Ayesha,C1202
O100058,2025-11-05,Theta Watch,Electronics,42.83,1,42.83,Central,Carlos,C3174
O100059,2025-06-20,Theta Watch,Electronics,178.53,2,357.06,West,Fatima,C5855
O100060,2025-05-03,Zeta Socks,Accessories,160.98,1,160.98,East,Fatima,C8295
O100061,2025-07-28,Eta Laptop Sleeve,Accessories,115.14,2,230.28,South,Carlos,C6842
O100062,2025-08-27,Gamma Sneakers,Footwear,64.34,1,64.34,North,Carlos,C9963
O100063,2025-07-15,Zeta Socks,Accessories,98.68,1,98.68,Central,Ayesha,C9873
O100064,2025-03-29,Epsilon Jacket,Apparel,243.63,1,243.63,Central,Dina,C6059
O100065,2025-03-02,Gamma Sneakers,Footwear,66.03,4,264.12,North,Carlos,C6667
O100066,2025-10-14,Delta Cap,Accessories,239.44,1,239.44,East,Fatima,C6118
O100067,2025-03-24,Delta Cap,Accessories,62.57,5,312.85,North,Dina,C7017
O100068,2025-10-28,Gamma Sneakers,Footwear,92.34,4,369.36,West,Carlos,C3875
O100069,2025-10-29,Eta Laptop Sleeve,Accessories,129.06,1,129.06,North,Ayesha,C7853
O100070,2025-08-10,Iota Charger,Electronics,10.44,4,41.76,Central,Fatima,C5749
O100071,2025-05-23,Eta Laptop Sleeve,Accessories,156.0,1,156.0,East,Carlos,C3613
O100072,2025-08-08,Beta T-shirt,Apparel,47.36,1,47.36,East,Ayesha,C3461
O100073,2025-09-28,Iota Charger,Electronics,132.75,1,132.75,North,Dina,C9083
O100074,2025-08-05,Iota Charger,Electronics,190.88,3,572.64,North,Fatima,C1646
O100075,2025-09-27,Alpha Hoodie,Apparel,141.63,1,141.63,South,Carlos,C2680
O100076,2025-11-19,Epsilon Jacket,Apparel,175.91,1,175.91,Central,Ehsan,C6882
O100077,2025-01-09,Alpha Hoodie,Apparel,205.4,1,205.4,East,Fatima,C6770
O100078,2025-10-22,Iota Charger,Electronics,61.81,3,185.43,South,Dina,C6231
O100079,2025-01-17,Beta T-shirt,Apparel,173.6,1,173.6,North,Bilal,C8353
O100080,2025-06-05,Beta T-shirt,Apparel,101.34,1,101.34,South,Fatima,C3595
O100081,2025-05-23,Eta Laptop Sleeve,Accessories,102.93,1,102.93,South,Fatima,C7235
O100082,2025-08-20,Gamma Sneakers,Footwear,189.19,4,756.76,North,Carlos,C7233
O100083,2025-01-31,Delta Cap,Accessories,52.43,1,52.43,North,Fatima,C1375
O100084,2025-04-13,Eta Laptop Sleeve,Accessories,114.86,1,114.86,Central,Fatima,C1803
O100085,2025-02-06,Alpha Hoodie,Apparel,93.01,4,372.04,North,Ayesha,C3261
O100086,2025-11-04,Alpha Hoodie,Apparel,104.17,2,208.34,West,Dina,C6996
O100087,2024-12-21,Kappa Backpack,Accessories,231.84,10,2318.4,West,Carlos,C6418
O100088,2025-01-09,Gamma Sneakers,Footwear,230.39,1,230.39,North,Ehsan,C5492
O100089,2025-09-16,Zeta Socks,Accessories,55.6,1,55.6,West,Carlos,C5750
O100090,2025-09-04,Kappa Backpack,Accessories,215.08,5,1075.4,Central,Fatima,C9280
O100091,2025-01-01,Kappa Backpack,Accessories,169.4,1,169.4,South,Bilal,C6938
O100092,2024-12-06,Theta Watch,Electronics,84.03,1,84.03,Central,Dina,C1237
O100093,2025-09-10,Gamma Sneakers,Footwear,82.18,5,410.9,West,Dina,C6374
O100094,2025-10-27,Eta Laptop Sleeve,Accessories,8.54,1,8.54,East,Fatima,C5970
O100095,2024-12-26,Kappa Backpack,Accessories,81.42,2,162.84,South,Bilal,C8890
O100096,2025-01-10,Theta Watch,Electronics,89.68,4,358.72,East,Fatima,C5422
O100097,2025-04-27,Beta T-shirt,Apparel,151.96,1,151.96,West,Carlos,C7338
O100098,2024-12-03,Beta T-shirt,Apparel,231.11,5,1155.55,East,Ayesha,C4967
O100099,2025-07-09,Epsilon Jacket,Apparel,64.28,4,257.12,North,Fatima,C4394
O100100,2025-04-06,Delta Cap,Accessories,92.67,1,92.67,Central,Ayesha,C8910
O100101,2024-12-21,Theta Watch,Electronics,153.97,1,153.97,North,Ehsan,C1761
O100102,2025-10-23,Kappa Backpack,Accessories,180.42,1,180.42,North,Ehsan,C9031
O100103,2025-06-04,Iota Charger,Electronics,171.33,4,685.32,Central,Fatima,C6814
O100104,2024-12-30,Zeta Socks,Accessories,124.77,1,124.77,Central,Carlos,C9184
O100105,2025-04-04,Gamma Sneakers,Footwear,12.37,1,12.37,East,Fatima,C8713
O100106,2025-10-14,Theta Watch,Electronics,57.81,4,231.24,West,Ehsan,C1269
O100107,2025-03-07,Zeta Socks,Accessories,25.38,1,25.38,Central,Dina,C9354
O100108,2025-03-16,Delta Cap,Accessories,220.63,1,220.63,Central,Bilal,C1143
O100109,2025-08-05,Theta Watch,Electronics,111.68,1,111.68,North,Carlos,C7724
O100110,2025-01-12,Eta Laptop Sleeve,Accessories,97.82,1,97.82,Central,Ehsan,C4682
O100111,2025-10-28,Epsilon Jacket,Apparel,204.77,2,409.54,South,Carlos,C4093
O100112,2025-07-16,Alpha Hoodie,Apparel,8.14,1,8.14,Central,Carlos,C3954
O100113,2025-01-04,Kappa Backpack,Accessories,31.55,3,94.65,West,Bilal,C3260
O100114,2025-08-23,Alpha Hoodie,Apparel,101.28,1,101.28,North,Dina,C2204
O100115,2025-05-22,Delta Cap,Accessories,152.23,1,152.23,East,Dina,C2620
O100116,2025-10-14,Kappa Backpack,Accessories,174.27,1,174.27,Central,Fatima,C9256
O100117,2025-10-01,Theta Watch,Electronics,28.07,3,84.21,West,Ayesha,C2493
O100118,2025-02-07,Delta Cap,Accessories,120.1,1,120.1,Central,Ayesha,C4120
O100119,2025-04-08,Gamma Sneakers,Footwear,200.96,1,200.96,West,Ehsan,C4188
O100120,2025-09-17,Beta T-shirt,Apparel,36.85,3,110.55,West,Carlos,C6161
O100121,2025-10-21,Alpha Hoodie,Apparel,217.92,1,217.92,Central,Ehsan,C6080
O100122,2025-06-09,Gamma Sneakers,Footwear,239.35,1,239.35,East,Fatima,C5661
O100123,2025-06-07,Kappa Backpack,Accessories,181.57,1,181.57,West,Ehsan,C5590
O100124,2025-08-05,Delta Cap,Accessories,224.81,1,224.81,East,Ehsan,C1779
O100125,2025-07-01,Beta T-shirt,Apparel,54.41,4,217.64,West,Ayesha,C7809
O100126,2025-08-28,Beta T-shirt,Apparel,71.17,1,71.17,South,Carlos,C7111
O100127,2024-12-18,Delta Cap,Accessories,170.67,4,682.68,North,Fatima,C5272
O100128,2025-03-18,Zeta Socks,Accessories,34.73,2,69.46,East,Fatima,C2352
O100129,2025-09-05,Kappa Backpack,Accessories,163.38,1,163.38,South,Bilal,C1362
O100130,2025-02-21,Delta Cap,Accessories,66.59,1,66.59,West,Fatima,C4848
O100131,2025-02-08,Eta Laptop Sleeve,Accessories,196.56,1,196.56,West,Fatima,C9077
O100132,2025-09-30,Eta Laptop Sleeve,Accessories,127.39,10,1273.9,South,Dina,C8749
O100133,2025-10-18,Zeta Socks,Accessories,75.91,3,227.73,West,Carlos,C3326
O100134,2025-04-06,Alpha Hoodie,Apparel,241.4,1,241.4,West,Dina,C5002
O100135,2025-05-23,Eta Laptop Sleeve,Accessories,14.96,1,14.96,South,Carlos,C8030
O100136,2025-10-30,Beta T-shirt,Apparel,81.74,1,81.74,Central,Ehsan,C2731
O100137,2025-03-16,Epsilon Jacket,Apparel,187.07,10,1870.7,West,Bilal,C8455
O100138,2025-04-13,Iota Charger,Electronics,115.54,1,115.54,South,Ayesha,C4682
O100139,2025-02-06,Iota Charger,Electronics,102.73,2,205.46,West,Ehsan,C2906
O100140,2024-12-13,Eta Laptop Sleeve,Accessories,40.07,1,40.07,Central,Carlos,C8097
O100141,2025-11-30,Gamma Sneakers,Footwear,153.62,1,153.62,Central,Bilal,C7676
O100142,2025-02-06,Iota Charger,Electronics,82.83,5,414.15,North,Carlos,C1573
O100143,2025-05-28,Eta Laptop Sleeve,Accessories,152.95,1,152.95,South,Ayesha,C1684
O100144,2025-05-28,Zeta Socks,Accessories,82.14,1,82.14,West,Bilal,C4529
O100145,2025-06-18,Gamma Sneakers,Footwear,208.58,1,208.58,West,Dina,C9175
O100146,2025-05-11,Beta T-shirt,Apparel,146.3,1,146.3,East,Fatima,C8739
O100147,2025-06-09,Beta T-shirt,Apparel,210.29,1,210.29,East,Dina,C7342
O100148,2025-01-08,Eta Laptop Sleeve,Accessories,47.42,1,47.42,South,Fatima,C3165
O100149,2025-08-11,Alpha Hoodie,Apparel,81.27,1,81.27,East,Fatima,C8173
O100150,2025-01-22,Gamma Sneakers,Footwear,93.08,1,93.08,East,Ehsan,C8058
O100151,2025-01-04,Iota Charger,Electronics,180.04,1,180.04,West,Ayesha,C6895
O100152,2025-10-08,Eta Laptop Sleeve,Accessories,249.64,2,499.28,North,Ehsan,C4435
O100153,2025-07-01,Iota Charger,Electronics,92.73,1,92.73,North,Carlos,C8859
O100154,2025-07-28,Beta T-shirt,Apparel,239.7,5,1198.5,West,Dina,C8079
O100155,2025-11-12,Theta Watch,Electronics,49.61,1,49.61,Central,Carlos,C8229
O100156,2025-05-11,Gamma Sneakers,Footwear,110.49,4,441.96,East,Ayesha,C5490
O100157,2025-03-24,Delta Cap,Accessories,184.84,3,554.52,West,Bilal,C3865
O100158,2024-12-23,Zeta Socks,Accessories,55.88,3,167.64,South,Ehsan,C8838
O100159,2025-02-21,Epsilon Jacket,Apparel,156.17,5,780.85,Central,Bilal,C3873
O100160,2025-02-17,Alpha Hoodie,Apparel,171.01,2,342.02,East,Ayesha,C9040
O100161,2025-06-02,Epsilon Jacket,Apparel,211.25,2,422.5,East,Ehsan,C3617
O100162,2025-05-23,Alpha Hoodie,Apparel,67.43,1,67.43,North,Ehsan,C8764
O100163,2025-11-28,Alpha Hoodie,Apparel,14.85,2,29.7,East,Bilal,C3295
O100164,2025-07-12,Eta Laptop Sleeve,Accessories,153.04,4,612.16,East,Ayesha,C4353
O100165,2025-04-03,Kappa Backpack,Accessories,75.97,1,75.97,East,Ehsan,C6099
O100166,2025-09-25,Zeta Socks,Accessories,17.96,1,17.96,Central,Carlos,C5210
O100167,2025-02-15,Beta T-shirt,Apparel,248.67,2,497.34,Central,Carlos,C9629
O100168,2025-06-03,Epsilon Jacket,Apparel,206.17,5,1030.85,East,Carlos,C3950
O100169,2025-09-28,Eta Laptop Sleeve,Accessories,107.34,1,107.34,South,Ayesha,C4468
O100170,2025-05-20,Beta T-shirt,Apparel,136.92,3,410.76,North,Ayesha,C2430
O100171,2025-10-30,Eta Laptop Sleeve,Accessories,216.02,1,216.02,South,Dina,C4027
O100172,2025-03-22,Delta Cap,Accessories,142.75,5,713.75,West,Dina,C8726
O100173,2024-12-15,Delta Cap,Accessories,240.56,1,240.56,Central,Carlos,C4003
O100174,2025-03-26,Gamma Sneakers,Footwear,40.06,2,80.12,South,Dina,C7795
O100175,2025-07-27,Delta Cap,Accessories,116.71,1,116.71,Central,Dina,C4520
O100176,2025-02-09,Zeta Socks,Accessories,221.22,1,221.22,West,Ehsan,C6106
O100177,2025-09-04,Epsilon Jacket,Apparel,198.83,1,198.83,Central,Ehsan,C5730
O100178,2025-10-19,Alpha Hoodie,Apparel,193.35,2,386.7,East,Bilal,C5439
O100179,2025-06-23,Iota Charger,Electronics,133.14,3,399.42,North,Carlos,C8118
O100180,2025-08-06,Iota Charger,Electronics,99.32,1,99.32,East,Ayesha,C5909
O100181,2025-09-22,Alpha Hoodie,Apparel,118.57,2,237.14,South,Ayesha,C1981
O100182,2024-12-06,Zeta Socks,Accessories,226.03,2,452.06,Central,Dina,C1148
O100183,2025-07-21,Gamma Sneakers,Footwear,129.82,2,259.64,North,Ayesha,C2655
O100184,2025-05-17,Epsilon Jacket,Apparel,82.79,4,331.16,East,Dina,C6482
O100185,2024-12-26,Theta Watch,Electronics,178.15,1,178.15,South,Dina,C6767
O100186,2024-12-22,Zeta Socks,Accessories,95.28,1,95.28,West,Fatima,C3902
O100187,2025-08-17,Gamma Sneakers,Footwear,121.42,1,121.42,East,Fatima,C7337
O100188,2025-11-24,Beta T-shirt,Apparel,32.44,1,32.44,North,Carlos,C2095
O100189,2025-04-20,Zeta Socks,Accessories,230.71,2,461.42,North,Carlos,C3692
O100190,2025-03-14,Kappa Backpack,Accessories,212.52,1,212.52,South,Fatima,C8347
O100191,2025-10-07,Kappa Backpack,Accessories,56.89,4,227.56,South,Carlos,C4919
O100192,2025-06-11,Epsilon Jacket,Apparel,227.28,1,227.28,East,Bilal,C8709
O100193,2025-11-01,Eta Laptop Sleeve,Accessories,184.06,2,368.12,South,Dina,C2388
O100194,2025-06-25,Theta Watch,Electronics,166.37,4,665.48,Central,Fatima,C8381
O100195,2025-04-20,Epsilon Jacket,Apparel,173.51,1,173.51,West,Bilal,C5513
O100196,2024-12-19,Kappa Backpack,Accessories,21.23,1,21.23,West,Bilal,C1595
O100197,2025-01-03,Epsilon Jacket,Apparel,218.49,1,218.49,West,Dina,C5993
O100198,2025-05-30,Delta Cap,Accessories,202.53,2,405.06,Central,Bilal,C2313
O100199,2025-05-19,Kappa Backpack,Accessories,123.66,1,123.66,North,Bilal,C3868
O100200,2025-01-28,Kappa Backpack,Accessories,244.18,1,244.18,South,Ehsan,C4855
O100201,2025-04-08,Zeta Socks,Accessories,17.98,1,17.98,Central,Ehsan,C4540
O100202,2025-04-08,Beta T-shirt,Apparel,203.62,1,203.62,Central,Carlos,C8567
O100203,2025-06-03,Delta Cap,Accessories,51.52,1,51.52,Central,Bilal,C5984
O100204,2025-07-16,Eta Laptop Sleeve,Accessories,50.89,1,50.89,East,Fatima,C5161
O100205,2025-07-03,Gamma Sneakers,Footwear,222.43,1,222.43,North,Carlos,C5713
O100206,2025-11-12,Epsilon Jacket,Apparel,38.64,1,38.64,Central,Ehsan,C6081
O100207,2025-01-30,Epsilon Jacket,Apparel,225.11,1,225.11,South,Fatima,C8167
O100208,2025-01-01,Iota Charger,Electronics,67.19,1,67.19,Central,Ehsan,C8107
O100209,2025-03-02,Eta Laptop Sleeve,Accessories,185.85,1,185.85,Central,Fatima,C9473
O100210,2025-11-01,Gamma Sneakers,Footwear,246.79,1,246.79,South,Bilal,C2160
O100211,2025-06-18,Iota Charger,Electronics,16.93,1,16.93,East,Ayesha,C6637
O100212,2025-03-28,Zeta Socks,Accessories,166.41,5,832.05,West,Ayesha,C8930
O100213,2025-09-15,Zeta Socks,Accessories,11.75,1,11.75,Central,Fatima,C5372
O100214,2025-10-29,Eta Laptop Sleeve,Accessories,21.26,1,21.26,East,Carlos,C8319
O100215,2025-07-13,Kappa Backpack,Accessories,52.53,4,210.12,Central,Carlos,C3015
O100216,2025-02-16,Theta Watch,Electronics,174.74,1,174.74,South,Bilal,C8232
O100217,2025-03-09,Eta Laptop Sleeve,Accessories,67.45,1,67.45,Central,Ehsan,C1922
O100218,2025-06-02,Theta Watch,Electronics,138.67,3,416.01,North,Bilal,C6076
O100219,2025-07-30,Alpha Hoodie,Apparel,54.69,1,54.69,North,Bilal,C9674
O100220,2025-10-06,Alpha Hoodie,Apparel,244.03,1,244.03,West,Carlos,C4693
O100221,2024-12-23,Iota Charger,Electronics,13.14,1,13.14,Central,Fatima,C3882
O100222,2025-03-10,Iota Charger,Electronics,103.29,1,103.29,North,Dina,C7660
O100223,2025-09-30,Epsilon Jacket,Apparel,227.65,1,227.65,West,Ehsan,C2999
O100224,2024-12-03,Kappa Backpack,Accessories,196.5,1,196.5,South,Ehsan,C6299
O100225,2025-04-21,Epsilon Jacket,Apparel,191.23,5,956.15,East,Carlos,C1130
O100226,2025-07-29,Gamma Sneakers,Footwear,236.67,2,473.34,East,Dina,C6002
O100227,2024-12-15,Alpha Hoodie,Apparel,92.74,1,92.74,East,Ayesha,C6061
O100228,2025-06-17,Eta Laptop Sleeve,Accessories,52.9,1,52.9,North,Ehsan,C7489
O100229,2025-06-01,Theta Watch,Electronics,125.9,1,125.9,North,Dina,C4347
O100230,2025-11-27,Kappa Backpack,Accessories,174.33,1,174.33,Central,Dina,C4347
O100231,2025-04-20,Gamma Sneakers,Footwear,34.09,4,136.36,East,Dina,C8505
O100232,2025-03-26,Delta Cap,Accessories,53.71,1,53.71,West,Ehsan,C8059
O100233,2025-01-04,Delta Cap,Accessories,79.58,1,79.58,West,Ehsan,C4963
O100234,2025-04-23,Delta Cap,Accessories,142.65,1,142.65,East,Carlos,C8987
O100235,2025-11-10,Theta Watch,Electronics,223.41,1,223.41,West,Carlos,C9690
O100236,2025-10-29,Theta Watch,Electronics,207.51,1,207.51,Central,Carlos,C1156
O100237,2025-07-22,Delta Cap,Accessories,161.43,2,322.86,South,Ayesha,C2490
O100238,2024-12-11,Eta Laptop Sleeve,Accessories,237.4,1,237.4,West,Bilal,C4063
O100239,2025-05-03,Alpha Hoodie,Apparel,126.57,4,506.28,North,Carlos,C1157
O100240,2025-09-21,Zeta Socks,Accessories,181.22,1,181.22,Central,Bilal,C1452
O100241,2025-03-21,Theta Watch,Electronics,165.52,2,331.04,West,Ayesha,C3003
O100242,2025-08-01,Kappa Backpack,Accessories,162.97,1,162.97,Central,Ayesha,C3365
O100243,2025-03-02,Gamma Sneakers,Footwear,18.39,5,91.95,South,Ayesha,C7359
O100244,2025-09-05,Kappa Backpack,Accessories,81.48,1,81.48,South,Ayesha,C9289
O100245,2025-07-28,Beta T-shirt,Apparel,210.98,1,210.98,Central,Ehsan,C6144
O100246,2025-05-29,Theta Watch,Electronics,72.19,1,72.19,West,Carlos,C7736
O100247,2025-03-06,Zeta Socks,Accessories,173.51,5,867.55,East,Dina,C4138
O100248,2024-12-23,Beta T-shirt,Apparel,119.96,1,119.96,Central,Ayesha,C7638
O100249,2025-03-10,Gamma Sneakers,Footwear,97.61,1,97.61,North,Carlos,C7927
O100250,2025-06-07,Beta T-shirt,Apparel,150.3,1,150.3,North,Dina,C4168
O100251,2025-11-21,Gamma Sneakers,Footwear,105.73,1,105.73,Central,Ayesha,C5144
O100252,2025-01-06,Eta Laptop Sleeve,Accessories,131.7,1,131.7,South,Fatima,C7841
O100253,2025-11-22,Kappa Backpack,Accessories,206.28,1,206.28,South,Fatima,C7509
O100254,2025-01-15,Eta Laptop Sleeve,Accessories,226.23,1,226.23,Central,Ehsan,C2284
O100255,2025-02-01,Theta Watch,Electronics,152.19,1,152.19,Central,Carlos,C2193
O100256,2025-02-08,Epsilon Jacket,Apparel,198.24,1,198.24,East,Carlos,C5875
O100257,2025-07-09,Alpha Hoodie,Apparel,156.47,1,156.47,West,Ayesha,C6038
O100258,2025-08-25,Gamma Sneakers,Footwear,228.3,1,228.3,West,Fatima,C6274
O100259,2025-05-23,Delta Cap,Accessories,191.63,1,191.63,East,Ayesha,C1797
O100260,2025-10-29,Zeta Socks,Accessories,247.77,1,247.77,Central,Dina,C7624
O100261,2025-10-25,Gamma Sneakers,Footwear,240.39,1,240.39,East,Bilal,C6598
O100262,2025-04-06,Kappa Backpack,Accessories,66.86,4,267.44,East,Bilal,C9466
O100263,2024-12-02,Kappa Backpack,Accessories,129.19,3,387.57,North,Ayesha,C5462
O100264,2025-10-03,Gamma Sneakers,Footwear,198.34,1,198.34,South,Dina,C8060
O100265,2025-09-19,Eta Laptop Sleeve,Accessories,73.21,1,73.21,South,Ehsan,C9947
O100266,2025-08-11,Epsilon Jacket,Apparel,85.01,3,255.03,Central,Fatima,C1703
O100267,2025-02-18,Zeta Socks,Accessories,188.96,1,188.96,West,Bilal,C6623
O100268,2025-10-12,Theta Watch,Electronics,64.18,5,320.9,Central,Fatima,C7432
O100269,2025-01-14,Gamma Sneakers,Footwear,165.31,2,330.62,East,Fatima,C2233
O100270,2025-08-12,Delta Cap,Accessories,214.3,1,214.3,West,Bilal,C1895
O100271,2025-01-30,Eta Laptop Sleeve,Accessories,42.54,2,85.08,South,Carlos,C4853
O100272,2025-03-12,Zeta Socks,Accessories,158.0,1,158.0,West,Carlos,C2305
O100273,2025-10-20,Eta Laptop Sleeve,Accessories,28.59,1,28.59,East,Fatima,C5829
O100274,2025-07-25,Theta Watch,Electronics,148.32,1,148.32,Central,Ehsan,C7220
O100275,2025-02-01,Eta Laptop Sleeve,Accessories,85.96,1,85.96,South,Ayesha,C7057
O100276,2025-09-07,Iota Charger,Electronics,75.44,1,75.44,Central,Fatima,C3711
O100277,2025-06-28,Iota Charger,Electronics,100.64,1,100.64,North,Fatima,C5242
O100278,2025-01-05,Alpha Hoodie,Apparel,100.08,4,400.32,Central,Bilal,C6781
O100279,2025-01-26,Alpha Hoodie,Apparel,14.41,1,14.41,North,Ayesha,C8077
O100280,2024-12-27,Delta Cap,Accessories,99.62,10,996.2,East,Carlos,C7702
O100281,2025-02-16,Delta Cap,Accessories,155.35,1,155.35,Central,Ehsan,C1675
O100282,2025-08-14,Delta Cap,Accessories,11.73,1,11.73,Central,Ayesha,C4614
O100283,2025-05-04,Iota Charger,Electronics,225.57,1,225.57,East,Ehsan,C5687
O100284,2025-06-19,Epsilon Jacket,Apparel,82.03,1,82.03,East,Ayesha,C2624
O100285,2025-04-10,Zeta Socks,Accessories,123.3,1,123.3,West,Dina,C2111
O100286,2025-01-04,Iota Charger,Electronics,184.34,2,368.68,Central,Fatima,C6171
O100287,2025-03-04,Iota Charger,Electronics,173.44,4,693.76,East,Fatima,C8813
O100288,2024-12-17,Theta Watch,Electronics,141.85,4,567.4,West,Carlos,C5310
O100289,2024-12-21,Beta T-shirt,Apparel,124.58,1,124.58,East,Carlos,C8206
O100290,2025-01-25,Theta Watch,Electronics,249.65,1,249.65,North,Ayesha,C5213
O100291,2025-03-28,Delta Cap,Accessories,194.09,1,194.09,Central,Bilal,C9873
O100292,2025-01-19,Delta Cap,Accessories,106.71,1,106.71,East,Ehsan,C7874
O100293,2025-04-12,Alpha Hoodie,Apparel,81.85,2,163.7,Central,Fatima,C3476
O100294,2025-06-12,Gamma Sneakers,Footwear,37.83,1,37.83,West,Bilal,C6783
O100295,2025-02-18,Beta T-shirt,Apparel,48.16,1,48.16,Central,Dina,C4689
O100296,2024-12-30,Alpha Hoodie,Apparel,245.57,1,245.57,East,Dina,C8646
O100297,2025-08-15,Alpha Hoodie,Apparel,35.18,1,35.18,West,Carlos,C6811
O100298,2025-02-23,Zeta Socks,Accessories,39.02,1,39.02,West,Bilal,C3557
O100299,2025-06-27,Eta Laptop Sleeve,Accessories,157.2,5,786.0,Central,Bilal,C2524
O100300,2025-05-11,Delta Cap,Accessories,203.93,1,203.93,East,Bilal,C1826
O100301,2025-09-02,Gamma Sneakers,Footwear,84.01,1,84.01,North,Bilal,C7111
O100302,2024-12-05,Delta Cap,Accessories,224.56,1,224.56,South,Dina,C3803
O100303,2025-10-27,Beta T-shirt,Apparel,156.63,3,469.89,West,Ayesha,C3961
O100304,2025-04-15,Beta T-shirt,Apparel,94.7,1,94.7,Central,Carlos,C5661
O100305,2025-09-13,Kappa Backpack,Accessories,41.02,1,41.02,South,Ayesha,C8824
O100306,2025-11-16,Theta Watch,Electronics,238.56,1,238.56,East,Dina,C3381
O100307,2024-12-28,Eta Laptop Sleeve,Accessories,77.49,3,232.47,North,Bilal,C4050
O100308,2025-02-28,Kappa Backpack,Accessories,209.28,1,209.28,Central,Carlos,C4962
O100309,2025-04-21,Zeta Socks,Accessories,139.94,5,699.7,Central,Carlos,C9763
O100310,2025-09-30,Eta Laptop Sleeve,Accessories,84.42,1,84.42,Central,Ehsan,C1201
O100311,2025-08-05,Gamma Sneakers,Footwear,227.1,1,227.1,North,Ayesha,C7158
O100312,2024-12-22,Kappa Backpack,Accessories,13.75,1,13.75,Central,Fatima,C8492
O100313,2025-07-31,Beta T-shirt,Apparel,233.15,1,233.15,Central,Fatima,C5409
O100314,2025-05-12,Alpha Hoodie,Apparel,188.08,1,188.08,East,Bilal,C6917
O100315,2025-08-12,Iota Charger,Electronics,83.61,1,83.61,West,Carlos,C9901
O100316,2025-11-26,Alpha Hoodie,Apparel,113.83,10,1138.3,North,Ayesha,C5912
O100317,2025-08-08,Gamma Sneakers,Footwear,246.26,2,492.52,East,Ayesha,C8864
O100318,2025-08-25,Iota Charger,Electronics,97.94,1,97.94,Central,Fatima,C8200
O100319,2025-02-28,Epsilon Jacket,Apparel,158.05,1,158.05,North,Dina,C3096
O100320,2025-06-23,Kappa Backpack,Accessories,98.95,1,98.95,West,Fatima,C7851
O100321,2025-09-21,Iota Charger,Electronics,9.92,2,19.84,South,Carlos,C5259
O100322,2025-02-15,Gamma Sneakers,Footwear,141.14,2,282.28,South,Carlos,C8950
O100323,2025-05-20,Epsilon Jacket,Apparel,213.97,5,1069.85,East,Ayesha,C9593
O100324,2025-09-13,Zeta Socks,Accessories,213.3,1,213.3,North,Ehsan,C3727
O100325,2024-12-09,Eta Laptop Sleeve,Accessories,57.12,10,571.2,South,Fatima,C9321
O100326,2025-04-21,Eta Laptop Sleeve,Accessories,185.95,1,185.95,West,Bilal,C2346
O100327,2025-08-14,Gamma Sneakers,Footwear,89.0,10,890.0,Central,Ehsan,C7660
O100328,2024-12-06,Kappa Backpack,Accessories,128.09,1,128.09,West,Carlos,C3476
O100329,2025-04-29,Kappa Backpack,Accessories,59.73,2,119.46,South,Ehsan,C9076
O100330,2025-01-06,Alpha Hoodie,Apparel,202.87,1,202.87,South,Bilal,C2237
O100331,2025-01-03,Epsilon Jacket,Apparel,189.31,1,189.31,East,Ayesha,C3183
O100332,2025-02-10,Beta T-shirt,Apparel,86.0,1,86.0,South,Ehsan,C3919
O100333,2025-01-27,Eta Laptop Sleeve,Accessories,208.93,1,208.93,South,Bilal,C3940
O100334,2025-01-02,Kappa Backpack,Accessories,169.75,1,169.75,Central,Bilal,C3121
O100335,2025-04-18,Kappa Backpack,Accessories,112.77,1,112.77,South,Ayesha,C9925
O100336,2025-01-21,Theta Watch,Electronics,147.23,1,147.23,Central,Fatima,C3373
O100337,2025-08-17,Iota Charger,Electronics,227.13,1,227.13,North,Fatima,C3071
O100338,2025-05-11,Iota Charger,Electronics,163.42,2,326.84,Central,Bilal,C8429
O100339,2025-08-04,Delta Cap,Accessories,65.94,1,65.94,East,Ayesha,C7442
O100340,2025-10-11,Theta Watch,Electronics,164.62,1,164.62,North,Ayesha,C8696
O100341,2025-06-08,Theta Watch,Electronics,91.78,1,91.78,South,Ayesha,C1909
O100342,2025-02-13,Beta T-shirt,Apparel,103.52,1,103.52,East,Ayesha,C9687
O100343,2025-04-21,Delta Cap,Accessories,134.93,1,134.93,South,Bilal,C1468
O100344,2025-08-29,Epsilon Jacket,Apparel,57.31,1,57.31,North,Bilal,C8349
O100345,2025-10-24,Theta Watch,Electronics,74.8,1,74.8,South,Dina,C8425
O100346,2025-01-05,Kappa Backpack,Accessories,56.01,1,56.01,North,Ayesha,C8367
O100347,2025-10-18,Epsilon Jacket,Apparel,75.24,1,75.24,West,Ayesha,C1597
O100348,2025-03-15,Theta Watch,Electronics,102.22,1,102.22,East,Fatima,C8905
O100349,2025-06-21,Theta Watch,Electronics,146.97,1,146.97,West,Fatima,C4381
O100350,2025-04-26,Iota Charger,Electronics,74.33,1,74.33,Central,Bilal,C5173
O100351,2025-06-08,Eta Laptop Sleeve,Accessories,105.57,3,316.71,East,Ayesha,C9559
O100352,2025-09-20,Zeta Socks,Accessories,175.18,1,175.18,South,Dina,C8359
O100353,2025-07-14,Eta Laptop Sleeve,Accessories,103.26,2,206.52,North,Ayesha,C1469
O100354,2025-07-23,Alpha Hoodie,Apparel,70.87,2,141.74,East,Bilal,C6258
O100355,2025-10-29,Epsilon Jacket,Apparel,182.34,1,182.34,West,Fatima,C7383
O100356,2025-08-15,Alpha Hoodie,Apparel,115.98,1,115.98,South,Carlos,C1169
O100357,2025-02-24,Theta Watch,Electronics,235.4,2,470.8,West,Bilal,C5141
O100358,2025-11-12,Epsilon Jacket,Apparel,221.19,1,221.19,East,Carlos,C8357
O100359,2025-03-15,Gamma Sneakers,Footwear,37.48,2,74.96,Central,Fatima,C8125
O100360,2025-09-15,Epsilon Jacket,Apparel,247.38,1,247.38,East,Ehsan,C5864
O100361,2025-07-15,Iota Charger,Electronics,24.6,1,24.6,South,Ehsan,C6034
O100362,2025-04-02,Kappa Backpack,Accessories,233.62,1,233.62,West,Fatima,C9731
O100363,2025-05-29,Eta Laptop Sleeve,Accessories,64.58,2,129.16,East,Bilal,C6551
O100364,2025-09-20,Alpha Hoodie,Apparel,23.66,1,23.66,South,Carlos,C2631
O100365,2025-01-28,Epsilon Jacket,Apparel,92.55,4,370.2,North,Bilal,C5563
O100366,2025-07-13,Beta T-shirt,Apparel,104.66,1,104.66,West,Bilal,C4276
O100367,2025-09-04,Zeta Socks,Accessories,88.4,1,88.4,Central,Dina,C7487
O100368,2025-04-25,Kappa Backpack,Accessories,35.48,3,106.44,South,Dina,C3456
O100369,2025-01-23,Eta Laptop Sleeve,Accessories,183.51,3,550.53,Central,Carlos,C3014
O100370,2025-04-09,Theta Watch,Electronics,158.08,1,158.08,South,Ayesha,C1752
O100371,2025-09-09,Delta Cap,Accessories,9.13,1,9.13,South,Ehsan,C8797
O100372,2025-03-25,Theta Watch,Electronics,150.2,1,150.2,Central,Carlos,C3179
O100373,2025-01-29,Gamma Sneakers,Footwear,47.4,1,47.4,East,Dina,C8903
O100374,2025-01-27,Beta T-shirt,Apparel,109.85,1,109.85,East,Bilal,C2132
O100375,2025-08-02,Epsilon Jacket,Apparel,29.25,1,29.25,South,Bilal,C6166
O100376,2025-09-02,Delta Cap,Accessories,121.51,2,243.02,Central,Fatima,C9617
O100377,2024-12-24,Zeta Socks,Accessories,117.04,1,117.04,East,Bilal,C4701
O100378,2025-01-30,Zeta Socks,Accessories,185.83,1,185.83,Central,Dina,C8820
O100379,2025-01-17,Alpha Hoodie,Apparel,237.73,10,2377.3,Central,Carlos,C3917
O100380,2025-06-03,Delta Cap,Accessories,134.23,1,134.23,West,Fatima,C9310
O100381,2025-05-31,Kappa Backpack,Accessories,55.1,3,165.3,West,Dina,C4794
O100382,2025-01-26,Delta Cap,Accessories,193.9,5,969.5,Central,Carlos,C2699
O100383,2025-11-22,Delta Cap,Accessories,31.47,1,31.47,East,Bilal,C9275
O100384,2025-11-24,Iota Charger,Electronics,180.28,1,180.28,Central,Bilal,C1895
O100385,2025-08-10,Delta Cap,Accessories,144.21,2,288.42,Central,Ehsan,C8636
O100386,2025-02-15,Kappa Backpack,Accessories,30.36,3,91.08,West,Ayesha,C4667
O100387,2025-07-05,Delta Cap,Accessories,232.44,1,232.44,Central,Ayesha,C1713
O100388,2025-05-06,Eta Laptop Sleeve,Accessories,131.77,4,527.08,East,Ehsan,C9210
O100389,2025-03-25,Kappa Backpack,Accessories,190.95,1,190.95,West,Ayesha,C8216
O100390,2025-11-07,Epsilon Jacket,Apparel,124.63,3,373.89,Central,Ayesha,C7924
O100391,2025-10-21,Alpha Hoodie,Apparel,80.06,5,400.3,West,Ehsan,C6331
O100392,2025-03-09,Theta Watch,Electronics,243.01,1,243.01,East,Bilal,C4523
O100393,2025-05-14,Zeta Socks,Accessories,171.54,1,171.54,South,Carlos,C9030
O100394,2025-08-05,Gamma Sneakers,Footwear,67.93,1,67.93,West,Dina,C2362
O100395,2025-10-27,Eta Laptop Sleeve,Accessories,213.0,1,213.0,East,Ayesha,C4255
O100396,2025-11-29,Kappa Backpack,Accessories,172.26,10,1722.6,East,Fatima,C7762
O100397,2025-02-13,Zeta Socks,Accessories,60.18,1,60.18,South,Carlos,C4215
O100398,2025-02-21,Delta Cap,Accessories,99.35,4,397.4,South,Carlos,C3338
O100399,2025-09-02,Delta Cap,Accessories,248.65,1,248.65,West,Fatima,C3809
O100400,2025-11-14,Zeta Socks,Accessories,22.29,1,22.29,West,Ayesha,C7780
O100401,2025-10-18,Iota Charger,Electronics,201.42,3,604.26,North,Dina,C1296
O100402,2025-07-17,Alpha Hoodie,Apparel,182.93,3,548.79,East,Dina,C5126
O100403,2025-01-20,Theta Watch,Electronics,71.42,1,71.42,Central,Carlos,C3759
O100404,2025-08-03,Iota Charger,Electronics,199.67,1,199.67,North,Carlos,C9987
O100405,2025-03-15,Beta T-shirt,Apparel,213.42,1,213.42,Central,Dina,C2717
O100406,2025-01-08,Beta T-shirt,Apparel,131.51,1,131.51,Central,Dina,C9373
O100407,2025-03-16,Iota Charger,Electronics,78.07,1,78.07,South,Fatima,C4492
O100408,2025-08-18,Eta Laptop Sleeve,Accessories,103.79,1,103.79,West,Carlos,C2810
O100409,2025-02-12,Gamma Sneakers,Footwear,229.01,2,458.02,North,Dina,C8394
O100410,2024-12-17,Zeta Socks,Accessories,13.06,1,13.06,East,Ayesha,C3525
O100411,2025-07-04,Theta Watch,Electronics,195.4,3,586.2,South,Bilal,C8150
O100412,2025-08-02,Iota Charger,Electronics,193.5,1,193.5,West,Ehsan,C7232
O100413,2025-03-24,Alpha Hoodie,Apparel,80.71,1,80.71,East,Dina,C1762
O100414,2025-06-16,Iota Charger,Electronics,221.01,1,221.01,Central,Fatima,C9452
O100415,2025-05-16,Gamma Sneakers,Footwear,197.45,3,592.35,West,Ehsan,C1732
O100416,2025-01-27,Iota Charger,Electronics,161.34,1,161.34,East,Carlos,C8910
O100417,2025-09-13,Zeta Socks,Accessories,249.0,1,249.0,South,Bilal,C4968
O100418,2025-04-16,Beta T-shirt,Apparel,122.96,1,122.96,East,Ehsan,C2706
O100419,2025-07-08,Delta Cap,Accessories,194.09,1,194.09,Central,Ayesha,C5624
O100420,2025-09-11,Alpha Hoodie,Apparel,163.46,1,163.46,North,Ehsan,C2761
O100421,2025-01-29,Delta Cap,Accessories,80.34,1,80.34,Central,Dina,C8608
O100422,2025-03-16,Theta Watch,Electronics,155.43,1,155.43,West,Bilal,C1509
O100423,2025-06-20,Gamma Sneakers,Footwear,115.82,1,115.82,North,Carlos,C4955
O100424,2025-05-07,Gamma Sneakers,Footwear,190.11,1,190.11,North,Fatima,C7742
O100425,2024-12-19,Zeta Socks,Accessories,88.22,1,88.22,South,Ehsan,C4932
O100426,2025-09-23,Alpha Hoodie,Apparel,59.79,2,119.58,South,Carlos,C2586
O100427,2025-03-29,Epsilon Jacket,Apparel,69.44,1,69.44,East,Dina,C8960
O100428,2025-03-28,Theta Watch,Electronics,107.08,1,107.08,Central,Ehsan,C6186
O100429,2025-04-07,Epsilon Jacket,Apparel,12.0,1,12.0,South,Dina,C9119
O100430,2025-11-16,Theta Watch,Electronics,228.92,1,228.92,West,Ayesha,C4751
O100431,2025-08-26,Gamma Sneakers,Footwear,204.15,5,1020.75,Central,Fatima,C3797
O100432,2025-05-15,Beta T-shirt,Apparel,11.36,1,11.36,East,Ayesha,C6450
O100433,2024-12-18,Eta Laptop Sleeve,Accessories,225.64,1,225.64,West,Bilal,C6773
O100434,2025-04-28,Iota Charger,Electronics,106.42,1,106.42,West,Carlos,C4888
O100435,2025-10-05,Gamma Sneakers,Footwear,193.95,1,193.95,Central,Ehsan,C6664
O100436,2025-01-06,Alpha Hoodie,Apparel,177.93,1,177.93,Central,Ehsan,C8951
O100437,2025-02-16,Eta Laptop Sleeve,Accessories,43.49,1,43.49,East,Ayesha,C1429
O100438,2025-05-07,Epsilon Jacket,Apparel,117.12,3,351.36,West,Ayesha,C6631
O100439,2025-01-01,Epsilon Jacket,Apparel,149.59,1,149.59,North,Dina,C2535
O100440,2025-08-11,Beta T-shirt,Apparel,90.33,4,361.32,South,Fatima,C2885
O100441,2025-05-08,Alpha Hoodie,Apparel,18.27,1,18.27,East,Bilal,C1159
O100442,2025-10-03,Gamma Sneakers,Footwear,66.7,2,133.4,North,Ayesha,C4005
O100443,2025-07-08,Beta T-shirt,Apparel,126.74,1,126.74,West,Fatima,C9044
O100444,2025-09-25,Gamma Sneakers,Footwear,246.24,5,1231.2,North,Bilal,C5320
O100445,2024-12-29,Alpha Hoodie,Apparel,13.49,2,26.98,North,Ehsan,C6689
O100446,2025-08-18,Beta T-shirt,Apparel,91.61,1,91.61,North,Ayesha,C5404
O100447,2025-08-13,Iota Charger,Electronics,79.32,1,79.32,East,Ehsan,C9503
O100448,2025-03-12,Iota Charger,Electronics,214.88,1,214.88,West,Dina,C7186
O100449,2024-12-15,Zeta Socks,Accessories,189.49,1,189.49,Central,Ehsan,C9135
O100450,2025-05-31,Kappa Backpack,Accessories,143.09,1,143.09,Central,Ayesha,C5757
O100451,2025-01-01,Theta Watch,Electronics,224.64,1,224.64,Central,Ehsan,C9281
O100452,2024-12-16,Epsilon Jacket,Apparel,84.25,2,168.5,South,Fatima,C1982
O100453,2025-06-11,Zeta Socks,Accessories,30.95,1,30.95,South,Bilal,C2513
O100454,2025-02-28,Delta Cap,Accessories,100.16,3,300.48,South,Ayesha,C3131
O100455,2025-08-18,Eta Laptop Sleeve,Accessories,209.52,1,209.52,South,Bilal,C5598
O100456,2024-12-17,Gamma Sneakers,Footwear,191.71,1,191.71,South,Ayesha,C3671
O100457,2025-01-09,Alpha Hoodie,Apparel,122.01,1,122.01,Central,Bilal,C5080
O100458,2024-12-22,Zeta Socks,Accessories,214.7,1,214.7,North,Bilal,C8248
O100459,2025-04-10,Gamma Sneakers,Footwear,170.66,5,853.3,East,Dina,C3955
O100460,2025-04-24,Epsilon Jacket,Apparel,64.12,1,64.12,East,Ayesha,C4670
O100461,2025-03-27,Delta Cap,Accessories,90.88,2,181.76,Central,Ehsan,C9192
O100462,2025-11-22,Alpha Hoodie,Apparel,83.71,1,83.71,North,Carlos,C6606
O100463,2024-12-27,Delta Cap,Accessories,129.04,1,129.04,East,Fatima,C4224
O100464,2024-12-01,Epsilon Jacket,Apparel,161.28,1,161.28,North,Fatima,C6569
O100465,2025-02-15,Epsilon Jacket,Apparel,27.71,5,138.55,East,Ehsan,C7384
O100466,2025-08-19,Gamma Sneakers,Footwear,21.3,1,21.3,East,Ayesha,C2278
O100467,2024-12-01,Iota Charger,Electronics,85.62,1,85.62,East,Dina,C6806
O100468,2025-07-16,Kappa Backpack,Accessories,58.11,1,58.11,North,Bilal,C2777
O100469,2025-02-28,Iota Charger,Electronics,105.46,1,105.46,Central,Bilal,C5242
O100470,2025-05-20,Gamma Sneakers,Footwear,125.26,1,125.26,West,Dina,C4063
O100471,2025-07-12,Alpha Hoodie,Apparel,34.99,1,34.99,North,Dina,C2397
O100472,2025-06-02,Gamma Sneakers,Footwear,110.21,1,110.21,West,Bilal,C2134
O100473,2025-05-09,Alpha Hoodie,Apparel,67.35,1,67.35,West,Dina,C1757
O100474,2025-03-16,Zeta Socks,Accessories,82.28,1,82.28,West,Carlos,C8441
O100475,2025-04-20,Theta Watch,Electronics,72.92,1,72.92,North,Carlos,C2774
O100476,2025-07-01,Alpha Hoodie,Apparel,205.06,1,205.06,South,Dina,C2167
O100477,2025-10-06,Theta Watch,Electronics,40.08,1,40.08,West,Dina,C6248
O100478,2024-12-07,Beta T-shirt,Apparel,150.18,1,150.18,Central,Bilal,C6896
O100479,2025-05-29,Iota Charger,Electronics,230.04,1,230.04,South,Bilal,C9053
O100480,2025-08-31,Gamma Sneakers,Footwear,187.2,1,187.2,North,Ayesha,C3178
O100481,2025-05-23,Beta T-shirt,Apparel,70.61,4,282.44,North,Fatima,C9745
O100482,2025-11-15,Beta T-shirt,Apparel,34.88,1,34.88,South,Bilal,C1416
O100483,2025-02-19,Delta Cap,Accessories,39.79,1,39.79,Central,Carlos,C6294
O100484,2024-12-11,Gamma Sneakers,Footwear,116.44,1,116.44,East,Dina,C6455
O100485,2025-11-17,Eta Laptop Sleeve,Accessories,28.95,1,28.95,West,Ayesha,C7773
O100486,2025-01-01,Zeta Socks,Accessories,62.7,1,62.7,West,Ayesha,C4614
O100487,2025-02-01,Epsilon Jacket,Apparel,35.96,1,35.96,North,Bilal,C5527
O100488,2025-07-22,Gamma Sneakers,Footwear,192.8,1,192.8,East,Fatima,C3865
O100489,2025-10-13,Gamma Sneakers,Footwear,181.91,3,545.73,Central,Dina,C5745
O100490,2025-01-26,Zeta Socks,Accessories,133.54,5,667.7,Central,Ayesha,C1998
O100491,2025-03-23,Zeta Socks,Accessories,139.89,3,419.67,West,Ehsan,C5663
O100492,2025-09-23,Eta Laptop Sleeve,Accessories,207.62,1,207.62,East,Fatima,C7444
O100493,2025-03-24,Eta Laptop Sleeve,Accessories,49.15,1,49.15,West,Ehsan,C8971
O100494,2025-09-06,Eta Laptop Sleeve,Accessories,59.53,1,59.53,South,Ayesha,C2385
O100495,2025-10-18,Delta Cap,Accessories,236.85,1,236.85,West,Bilal,C9428
O100496,2025-04-08,Delta Cap,Accessories,55.21,1,55.21,West,Ayesha,C1474
O100497,2025-02-22,Theta Watch,Electronics,63.54,1,63.54,Central,Ehsan,C2703
O100498,2025-06-15,Kappa Backpack,Accessories,39.84,1,39.84,East,Ayesha,C9075
O100499,2025-11-17,Alpha Hoodie,Apparel,65.65,1,65.65,Central,Ehsan,C4344
O100500,2025-03-03,Epsilon Jacket,Apparel,200.35,1,200.35,West,Dina,C7895
O100501,2025-02-08,Alpha Hoodie,Apparel,15.9,4,63.6,Central,Dina,C7360
O100502,2025-06-15,Delta Cap,Accessories,179.4,1,179.4,North,Dina,C8715
O100503,2025-10-16,Zeta Socks,Accessories,108.01,1,108.01,Central,Bilal,C3916
O100504,2025-06-17,Iota Charger,Electronics,235.91,1,235.91,North,Dina,C1488
O100505,2025-10-26,Epsilon Jacket,Apparel,126.06,1,126.06,East,Ayesha,C9323
O100506,2025-08-30,Eta Laptop Sleeve,Accessories,77.83,1,77.83,Central,Ehsan,C4404
O100507,2025-11-12,Gamma Sneakers,Footwear,236.0,4,944.0,Central,Ehsan,C9435
O100508,2024-12-13,Alpha Hoodie,Apparel,124.72,2,249.44,East,Ayesha,C2958
O100509,2025-07-19,Kappa Backpack,Accessories,135.59,1,135.59,Central,Dina,C1110
O100510,2025-07-15,Zeta Socks,Accessories,140.83,1,140.83,East,Ayesha,C8861
O100511,2025-08-20,Eta Laptop Sleeve,Accessories,99.29,5,496.45,East,Ayesha,C1966
O100512,2025-04-09,Epsilon Jacket,Apparel,54.8,4,219.2,East,Carlos,C9265
O100513,2025-07-27,Gamma Sneakers,Footwear,53.68,1,53.68,Central,Ayesha,C8267
O100514,2025-03-10,Theta Watch,Electronics,240.1,4,960.4,South,Bilal,C4131
O100515,2025-07-05,Theta Watch,Electronics,182.76,1,182.76,North,Carlos,C4021
O100516,2025-07-22,Gamma Sneakers,Footwear,72.96,1,72.96,South,Ehsan,C6059
O100517,2025-05-08,Iota Charger,Electronics,87.27,3,261.81,East,Fatima,C7423
O100518,2025-03-26,Iota Charger,Electronics,57.02,2,114.04,North,Bilal,C4967
O100519,2025-07-24,Epsilon Jacket,Apparel,185.58,2,371.16,East,Bilal,C5484
O100520,2025-11-22,Zeta Socks,Accessories,191.65,10,1916.5,South,Ayesha,C7385
O100521,2025-06-30,Kappa Backpack,Accessories,59.83,1,59.83,North,Carlos,C4796
O100522,2025-11-26,Zeta Socks,Accessories,220.34,1,220.34,East,Fatima,C3616
O100523,2025-10-20,Alpha Hoodie,Apparel,110.64,1,110.64,West,Fatima,C7851
O100524,2025-08-08,Beta T-shirt,Apparel,67.43,1,67.43,West,Carlos,C6098
O100525,2025-10-19,Zeta Socks,Accessories,129.74,1,129.74,East,Ayesha,C3359
O100526,2025-08-15,Iota Charger,Electronics,101.34,2,202.68,West,Ayesha,C1045
O100527,2025-05-16,Eta Laptop Sleeve,Accessories,100.69,3,302.07,Central,Ayesha,C6825
O100528,2025-05-09,Kappa Backpack,Accessories,26.76,1,26.76,Central,Ehsan,C2247
O100529,2025-08-03,Beta T-shirt,Apparel,17.49,1,17.49,West,Carlos,C9095
O100530,2025-11-10,Kappa Backpack,Accessories,52.31,4,209.24,West,Ayesha,C1438
O100531,2025-09-23,Eta Laptop Sleeve,Accessories,93.43,1,93.43,South,Ayesha,C4956
O100532,2025-04-13,Kappa Backpack,Accessories,222.57,1,222.57,East,Carlos,C8637
O100533,2025-08-26,Alpha Hoodie,Apparel,233.4,1,233.4,North,Bilal,C2536
O100534,2025-11-30,Eta Laptop Sleeve,Accessories,56.41,2,112.82,West,Dina,C6111
O100535,2025-01-10,Kappa Backpack,Accessories,172.09,4,688.36,West,Bilal,C1906
O100536,2025-04-12,Alpha Hoodie,Apparel,40.9,2,81.8,South,Carlos,C6829
O100537,2024-12-12,Gamma Sneakers,Footwear,26.54,2,53.08,North,Carlos,C4605
O100538,2024-12-03,Epsilon Jacket,Apparel,242.35,3,727.05,East,Ehsan,C8768
O100539,2025-03-17,Theta Watch,Electronics,33.64,1,33.64,East,Dina,C8153
O100540,2025-07-20,Delta Cap,Accessories,233.72,1,233.72,South,Bilal,C8200
O100541,2025-11-21,Iota Charger,Electronics,203.89,2,407.78,East,Dina,C2706
O100542,2025-03-31,Theta Watch,Electronics,115.36,1,115.36,East,Dina,C3541
O100543,2025-07-31,Gamma Sneakers,Footwear,170.67,1,170.67,North,Fatima,C1883
O100544,2025-08-31,Iota Charger,Electronics,191.84,3,575.52,South,Ayesha,C8267
O100545,2025-03-28,Kappa Backpack,Accessories,117.84,1,117.84,North,Fatima,C5514
O100546,2025-10-06,Delta Cap,Accessories,87.46,1,87.46,Central,Fatima,C6148
O100547,2025-10-02,Delta Cap,Accessories,114.68,1,114.68,North,Carlos,C8852
O100548,2025-09-20,Gamma Sneakers,Footwear,124.54,1,124.54,South,Bilal,C5261
O100549,2025-01-22,Delta Cap,Accessories,175.78,2,351.56,Central,Ayesha,C5120
O100550,2025-05-19,Iota Charger,Electronics,227.29,1,227.29,West,Dina,C1796
O100551,2025-05-31,Alpha Hoodie,Apparel,168.49,1,168.49,North,Fatima,C3531
O100552,2025-07-15,Theta Watch,Electronics,122.6,1,122.6,South,Bilal,C8518
O100553,2025-06-17,Gamma Sneakers,Footwear,133.65,1,133.65,East,Ehsan,C2057
O100554,2024-12-14,Epsilon Jacket,Apparel,147.65,5,738.25,North,Fatima,C6209
O100555,2025-05-02,Delta Cap,Accessories,169.47,1,169.47,Central,Dina,C9353
O100556,2025-09-25,Zeta Socks,Accessories,31.21,1,31.21,East,Fatima,C7871
O100557,2025-04-12,Beta T-shirt,Apparel,93.88,3,281.64,Central,Fatima,C5840
O100558,2025-05-08,Delta Cap,Accessories,94.37,1,94.37,East,Ayesha,C8598
O100559,2025-01-21,Beta T-shirt,Apparel,215.28,1,215.28,West,Fatima,C9681
O100560,2025-03-08,Beta T-shirt,Apparel,119.02,2,238.04,Central,Bilal,C3242
O100561,2024-12-21,Zeta Socks,Accessories,203.47,1,203.47,Central,Ayesha,C7861
O100562,2025-04-10,Kappa Backpack,Accessories,83.57,1,83.57,Central,Ehsan,C3857
O100563,2025-10-23,Gamma Sneakers,Footwear,241.67,1,241.67,North,Ayesha,C6104
O100564,2025-07-06,Kappa Backpack,Accessories,106.0,10,1060.0,Central,Carlos,C2944
O100565,2025-05-23,Theta Watch,Electronics,169.86,3,509.58,North,Dina,C2898
O100566,2025-04-13,Delta Cap,Accessories,24.13,1,24.13,East,Bilal,C1235
O100567,2025-11-24,Beta T-shirt,Apparel,20.56,2,41.12,North,Dina,C8411
O100568,2025-05-21,Delta Cap,Accessories,43.09,5,215.45,North,Ayesha,C6693
O100569,2025-06-23,Kappa Backpack,Accessories,187.1,2,374.2,East,Bilal,C3395
O100570,2025-08-06,Kappa Backpack,Accessories,141.57,1,141.57,North,Fatima,C9088
O100571,2025-02-07,Delta Cap,Accessories,185.63,1,185.63,East,Dina,C4501
O100572,2025-03-09,Alpha Hoodie,Apparel,46.38,1,46.38,South,Dina,C1464
O100573,2025-06-13,Kappa Backpack,Accessories,63.56,1,63.56,South,Dina,C3873
O100574,2025-10-22,Delta Cap,Accessories,200.19,1,200.19,North,Carlos,C1868
O100575,2025-05-07,Zeta Socks,Accessories,223.35,1,223.35,Central,Dina,C5124
O100576,2025-03-04,Epsilon Jacket,Apparel,67.85,1,67.85,Central,Ayesha,C7233
O100577,2025-04-25,Kappa Backpack,Accessories,100.39,1,100.39,East,Ayesha,C9525
O100578,2025-06-28,Kappa Backpack,Accessories,44.18,4,176.72,Central,Ehsan,C6761
O100579,2025-04-05,Delta Cap,Accessories,123.91,1,123.91,North,Fatima,C4931
O100580,2025-08-15,Gamma Sneakers,Footwear,119.54,3,358.62,West,Ayesha,C9421
O100581,2025-01-18,Theta Watch,Electronics,76.69,1,76.69,West,Ayesha,C8957
O100582,2025-01-30,Theta Watch,Electronics,27.2,1,27.2,Central,Carlos,C1472
O100583,2025-04-18,Iota Charger,Electronics,123.61,1,123.61,South,Bilal,C6766
O100584,2025-06-12,Iota Charger,Electronics,227.12,1,227.12,North,Dina,C9595
O100585,2025-09-21,Iota Charger,Electronics,120.75,1,120.75,Central,Dina,C6048
O100586,2025-06-28,Beta T-shirt,Apparel,125.82,1,125.82,North,Ehsan,C2144
O100587,2025-11-19,Kappa Backpack,Accessories,212.67,1,212.67,West,Bilal,C2632
O100588,2025-06-15,Alpha Hoodie,Apparel,214.24,1,214.24,Central,Carlos,C2130
O100589,2025-01-21,Iota Charger,Electronics,244.97,1,244.97,North,Carlos,C8825
O100590,2025-01-13,Eta Laptop Sleeve,Accessories,68.84,1,68.84,South,Ehsan,C7609
O100591,2025-10-09,Theta Watch,Electronics,210.87,3,632.61,Central,Ehsan,C7480
O100592,2025-04-21,Zeta Socks,Accessories,67.08,1,67.08,South,Ehsan,C5445
O100593,2025-02-05,Zeta Socks,Accessories,176.11,1,176.11,East,Fatima,C3299
O100594,2025-11-14,Kappa Backpack,Accessories,137.0,1,137.0,South,Fatima,C3404
O100595,2025-06-25,Zeta Socks,Accessories,241.72,1,241.72,East,Ayesha,C5730
O100596,2025-07-17,Epsilon Jacket,Apparel,53.47,3,160.41,North,Bilal,C8785
O100597,2025-08-03,Alpha Hoodie,Apparel,84.65,1,84.65,East,Ayesha,C2976
O100598,2025-04-22,Kappa Backpack,Accessories,181.42,1,181.42,South,Dina,C5448
O100599,2025-06-24,Zeta Socks,Accessories,151.18,5,755.9,West,Ehsan,C1710
O100600,2025-01-05,Alpha Hoodie,Apparel,249.36,1,249.36,South,Ehsan,C2871
O100601,2025-06-28,Zeta Socks,Accessories,241.59,1,241.59,South,Ayesha,C4580
O100602,2024-12-03,Kappa Backpack,Accessories,110.3,2,220.6,South,Ehsan,C9490
O100603,2025-11-05,Epsilon Jacket,Apparel,66.42,1,66.42,East,Ayesha,C9669
O100604,2025-06-16,Beta T-shirt,Apparel,212.01,1,212.01,North,Fatima,C9651
O100605,2025-08-31,Zeta Socks,Accessories,242.96,3,728.88,East,Fatima,C1997
O100606,2025-10-26,Kappa Backpack,Accessories,24.4,1,24.4,North,Ayesha,C8645
O100607,2025-04-05,Theta Watch,Electronics,151.37,1,151.37,South,Dina,C4440
O100608,2025-03-22,Delta Cap,Accessories,238.69,1,238.69,West,Carlos,C6976
O100609,2025-10-16,Beta T-shirt,Apparel,101.66,1,101.66,West,Ehsan,C3613
O100610,2025-02-15,Eta Laptop Sleeve,Accessories,248.95,3,746.85,South,Dina,C6342
O100611,2024-12-24,Theta Watch,Electronics,152.3,1,152.3,West,Fatima,C6686
O100612,2025-04-12,Delta Cap,Accessories,61.3,4,245.2,North,Carlos,C1848
O100613,2025-04-01,Kappa Backpack,Accessories,18.7,5,93.5,West,Ayesha,C6606
O100614,2025-03-23,Beta T-shirt,Apparel,222.33,1,222.33,East,Fatima,C7209
O100615,2025-10-25,Iota Charger,Electronics,86.92,1,86.92,West,Dina,C2026
O100616,2025-10-30,Iota Charger,Electronics,182.23,3,546.69,Central,Dina,C8136
O100617,2025-07-07,Kappa Backpack,Accessories,179.39,1,179.39,Central,Ayesha,C9967
O100618,2025-10-03,Zeta Socks,Accessories,218.6,4,874.4,Central,Dina,C8960
O100619,2024-12-22,Kappa Backpack,Accessories,231.2,1,231.2,West,Dina,C4950
O100620,2025-07-04,Theta Watch,Electronics,193.13,1,193.13,East,Dina,C9798
O100621,2025-07-23,Gamma Sneakers,Footwear,230.65,4,922.6,East,Carlos,C1215
O100622,2025-04-03,Beta T-shirt,Apparel,208.48,1,208.48,South,Carlos,C9910
O100623,2025-01-31,Iota Charger,Electronics,70.16,1,70.16,West,Bilal,C7308
O100624,2025-04-13,Delta Cap,Accessories,148.09,1,148.09,South,Carlos,C2534
O100625,2025-03-20,Gamma Sneakers,Footwear,90.8,1,90.8,West,Dina,C5145
O100626,2025-08-30,Gamma Sneakers,Footwear,75.23,1,75.23,East,Ehsan,C4431
O100627,2025-05-26,Kappa Backpack,Accessories,168.38,1,168.38,North,Carlos,C3731
O100628,2024-12-17,Gamma Sneakers,Footwear,157.77,10,1577.7,North,Bilal,C3224
O100629,2025-11-29,Eta Laptop Sleeve,Accessories,202.77,2,405.54,East,Ayesha,C5948
O100630,2025-02-05,Epsilon Jacket,Apparel,17.41,2,34.82,South,Dina,C9773
O100631,2025-02-05,Beta T-shirt,Apparel,28.52,3,85.56,North,Ehsan,C2143
O100632,2025-07-29,Kappa Backpack,Accessories,215.6,1,215.6,West,Bilal,C2956
O100633,2025-07-17,Zeta Socks,Accessories,123.22,1,123.22,North,Dina,C8439
O100634,2024-12-14,Delta Cap,Accessories,173.67,2,347.34,South,Dina,C5204
O100635,2025-01-05,Gamma Sneakers,Footwear,8.86,3,26.58,West,Fatima,C6868
O100636,2025-06-02,Alpha Hoodie,Apparel,16.64,1,16.64,East,Carlos,C5264
O100637,2025-05-19,Kappa Backpack,Accessories,249.39,1,249.39,North,Ehsan,C1707
O100638,2025-08-30,Theta Watch,Electronics,172.26,1,172.26,South,Ehsan,C7206
O100639,2024-12-25,Theta Watch,Electronics,27.44,3,82.32,Central,Bilal,C8619
O100640,2025-02-08,Theta Watch,Electronics,237.61,5,1188.05,South,Dina,C6383
O100641,2025-07-04,Eta Laptop Sleeve,Accessories,73.37,10,733.7,Central,Ehsan,C7838
O100642,2025-10-04,Zeta Socks,Accessories,86.12,1,86.12,East,Fatima,C9580
O100643,2025-10-11,Delta Cap,Accessories,74.82,5,374.1,Central,Ehsan,C1546
O100644,2025-03-06,Kappa Backpack,Accessories,192.49,10,1924.9,Central,Carlos,C8847
O100645,2025-05-25,Theta Watch,Electronics,228.35,2,456.7,Central,Ayesha,C8601
O100646,2025-04-10,Epsilon Jacket,Apparel,18.52,2,37.04,East,Carlos,C8560
O100647,2025-07-19,Epsilon Jacket,Apparel,212.32,1,212.32,East,Ehsan,C1462
O100648,2025-02-03,Theta Watch,Electronics,194.48,5,972.4,West,Dina,C7492
O100649,2025-11-11,Alpha Hoodie,Apparel,138.2,1,138.2,South,Carlos,C1314
O100650,2025-03-25,Alpha Hoodie,Apparel,201.5,1,201.5,West,Fatima,C5969
O100651,2025-06-06,Eta Laptop Sleeve,Accessories,245.97,1,245.97,East,Fatima,C6478
O100652,2025-05-03,Alpha Hoodie,Apparel,67.04,1,67.04,South,Ehsan,C3845
O100653,2024-12-13,Iota Charger,Electronics,156.58,1,156.58,West,Bilal,C4560
O100654,2025-08-18,Kappa Backpack,Accessories,120.86,2,241.72,East,Ehsan,C9929
O100655,2024-12-18,Theta Watch,Electronics,39.29,1,39.29,East,Bilal,C1135
O100656,2025-06-03,Epsilon Jacket,Apparel,196.66,10,1966.6,South,Bilal,C7746
O100657,2024-12-26,Theta Watch,Electronics,247.52,4,990.08,Central,Ehsan,C4094
O100658,2025-01-14,Eta Laptop Sleeve,Accessories,32.23,1,32.23,South,Carlos,C1643
O100659,2024-12-12,Kappa Backpack,Accessories,26.63,2,53.26,Central,Fatima,C7649
O100660,2025-01-29,Alpha Hoodie,Apparel,121.8,1,121.8,East,Bilal,C1607
O100661,2025-05-03,Kappa Backpack,Accessories,48.41,1,48.41,South,Fatima,C1493
O100662,2025-02-16,Beta T-shirt,Apparel,56.62,1,56.62,South,Fatima,C3768
O100663,2025-05-08,Beta T-shirt,Apparel,20.85,1,20.85,East,Dina,C2170
O100664,2025-03-29,Zeta Socks,Accessories,43.51,1,43.51,Central,Bilal,C9303
O100665,2025-11-30,Eta Laptop Sleeve,Accessories,134.3,4,537.2,North,Ehsan,C4239
O100666,2024-12-30,Eta Laptop Sleeve,Accessories,217.54,1,217.54,Central,Ehsan,C3074
O100667,2025-09-08,Eta Laptop Sleeve,Accessories,66.65,1,66.65,North,Bilal,C6926
O100668,2024-12-15,Delta Cap,Accessories,96.47,1,96.47,North,Ayesha,C5580
O100669,2025-08-21,Iota Charger,Electronics,85.57,1,85.57,South,Dina,C4334
O100670,2024-12-29,Kappa Backpack,Accessories,227.42,1,227.42,East,Fatima,C1432
O100671,2025-02-10,Alpha Hoodie,Apparel,197.91,1,197.91,East,Carlos,C5453
O100672,2025-03-01,Theta Watch,Electronics,234.63,4,938.52,Central,Bilal,C7347
O100673,2025-10-03,Iota Charger,Electronics,148.57,1,148.57,Central,Bilal,C6355
O100674,2025-05-21,Kappa Backpack,Accessories,123.44,1,123.44,Central,Ehsan,C6272
O100675,2025-11-10,Iota Charger,Electronics,129.44,1,129.44,North,Ayesha,C1869
O100676,2024-12-30,Theta Watch,Electronics,84.26,1,84.26,West,Carlos,C5156
O100677,2025-07-06,Kappa Backpack,Accessories,66.52,1,66.52,East,Ehsan,C1673
O100678,2025-03-09,Gamma Sneakers,Footwear,89.56,2,179.12,Central,Ehsan,C2675
O100679,2025-05-07,Gamma Sneakers,Footwear,89.92,1,89.92,South,Fatima,C6183
O100680,2025-09-12,Alpha Hoodie,Apparel,106.52,4,426.08,Central,Fatima,C9660
O100681,2025-03-09,Zeta Socks,Accessories,18.85,1,18.85,North,Bilal,C9669
O100682,2025-01-22,Alpha Hoodie,Apparel,224.75,1,224.75,West,Fatima,C6223
O100683,2025-02-14,Beta T-shirt,Apparel,230.78,1,230.78,West,Carlos,C9066
O100684,2024-12-19,Iota Charger,Electronics,190.73,1,190.73,South,Carlos,C6038
O100685,2025-07-08,Theta Watch,Electronics,161.62,2,323.24,South,Fatima,C6126
O100686,2024-12-11,Zeta Socks,Accessories,65.58,1,65.58,South,Ehsan,C6955
O100687,2025-08-07,Iota Charger,Electronics,129.06,2,258.12,South,Bilal,C8622
O100688,2024-12-19,Delta Cap,Accessories,182.19,3,546.57,West,Fatima,C6458
O100689,2025-08-23,Kappa Backpack,Accessories,73.63,4,294.52,West,Bilal,C9264
O100690,2025-06-09,Beta T-shirt,Apparel,159.96,2,319.92,South,Fatima,C6201
O100691,2025-05-23,Delta Cap,Accessories,63.92,1,63.92,East,Ehsan,C6636
O100692,2024-12-28,Epsilon Jacket,Apparel,223.57,1,223.57,South,Fatima,C8013
O100693,2025-06-28,Kappa Backpack,Accessories,124.53,1,124.53,West,Fatima,C7443
O100694,2025-09-13,Eta Laptop Sleeve,Accessories,238.21,1,238.21,South,Carlos,C4020
O100695,2025-02-04,Kappa Backpack,Accessories,31.59,1,31.59,West,Ayesha,C7507
O100696,2025-07-12,Zeta Socks,Accessories,170.08,1,170.08,East,Ayesha,C3690
O100697,2025-01-25,Theta Watch,Electronics,114.97,1,114.97,Central,Ehsan,C4243
O100698,2025-07-06,Alpha Hoodie,Apparel,110.55,1,110.55,West,Fatima,C6415
O100699,2025-08-24,Iota Charger,Electronics,188.52,3,565.56,South,Carlos,C8168
O100700,2025-09-16,Kappa Backpack,Accessories,29.39,1,29.39,East,Ehsan,C3366
O100701,2025-02-22,Iota Charger,Electronics,32.0,1,32.0,West,Carlos,C5184
O100702,2025-06-13,Alpha Hoodie,Apparel,140.2,3,420.6,South,Fatima,C4676
O100703,2025-01-13,Theta Watch,Electronics,123.61,1,123.61,East,Bilal,C2839
O100704,2025-09-18,Eta Laptop Sleeve,Accessories,244.89,1,244.89,Central,Ehsan,C5186
O100705,2025-06-04,Delta Cap,Accessories,183.99,1,183.99,Central,Fatima,C4307
O100706,2024-12-04,Delta Cap,Accessories,211.21,10,2112.1,North,Ehsan,C1397
O100707,2025-06-16,Kappa Backpack,Accessories,24.73,1,24.73,West,Bilal,C3977
O100708,2025-06-10,Kappa Backpack,Accessories,152.2,1,152.2,South,Carlos,C3308
O100709,2025-02-28,Zeta Socks,Accessories,54.75,1,54.75,South,Fatima,C5396
O100710,2025-04-03,Delta Cap,Accessories,196.88,1,196.88,North,Carlos,C4702
O100711,2025-03-14,Epsilon Jacket,Apparel,43.6,1,43.6,West,Ehsan,C5862
O100712,2025-03-02,Beta T-shirt,Apparel,200.96,3,602.88,East,Bilal,C8245
O100713,2025-08-05,Zeta Socks,Accessories,11.03,1,11.03,North,Carlos,C1966
O100714,2025-04-24,Epsilon Jacket,Apparel,162.25,1,162.25,West,Ayesha,C8652
O100715,2025-11-07,Eta Laptop Sleeve,Accessories,67.52,5,337.6,East,Ehsan,C4156
O100716,2025-08-20,Delta Cap,Accessories,113.66,10,1136.6,East,Carlos,C8038
O100717,2025-02-09,Epsilon Jacket,Apparel,235.92,1,235.92,East,Dina,C1201
O100718,2024-12-28,Zeta Socks,Accessories,178.65,10,1786.5,East,Bilal,C2900
O100719,2025-02-17,Alpha Hoodie,Apparel,104.07,1,104.07,West,Ehsan,C2206
O100720,2025-02-26,Theta Watch,Electronics,151.97,1,151.97,South,Ayesha,C1631
O100721,2024-12-19,Zeta Socks,Accessories,124.44,1,124.44,West,Carlos,C4290
O100722,2025-03-29,Kappa Backpack,Accessories,24.52,2,49.04,East,Ehsan,C5553
O100723,2025-05-01,Epsilon Jacket,Apparel,62.7,4,250.8,East,Ehsan,C7182
O100724,2025-02-18,Iota Charger,Electronics,85.07,2,170.14,North,Ehsan,C7092
O100725,2025-06-15,Gamma Sneakers,Footwear,23.01,1,23.01,West,Ehsan,C1985
O100726,2025-07-29,Alpha Hoodie,Apparel,11.52,2,23.04,North,Carlos,C7296
O100727,2024-12-05,Iota Charger,Electronics,162.75,2,325.5,South,Fatima,C9585
O100728,2025-05-07,Epsilon Jacket,Apparel,233.75,3,701.25,East,Bilal,C2820
O100729,2025-02-18,Iota Charger,Electronics,193.92,1,193.92,Central,Dina,C5164
O100730,2025-09-25,Epsilon Jacket,Apparel,93.97,1,93.97,East,Dina,C8829
O100731,2025-08-14,Epsilon Jacket,Apparel,243.2,1,243.2,West,Bilal,C8429
O100732,2025-06-10,Eta Laptop Sleeve,Accessories,114.67,3,344.01,Central,Ayesha,C2011
O100733,2025-01-15,Zeta Socks,Accessories,41.13,1,41.13,South,Carlos,C8362
O100734,2025-05-31,Theta Watch,Electronics,199.55,1,199.55,Central,Ayesha,C4228
O100735,2025-02-12,Beta T-shirt,Apparel,246.15,1,246.15,West,Fatima,C8946
O100736,2025-01-14,Gamma Sneakers,Footwear,200.11,1,200.11,West,Bilal,C3496
O100737,2025-10-22,Gamma Sneakers,Footwear,67.47,3,202.41,South,Ayesha,C9759
O100738,2025-09-05,Beta T-shirt,Apparel,206.42,1,206.42,East,Ehsan,C6334
O100739,2025-03-16,Kappa Backpack,Accessories,74.16,4,296.64,South,Dina,C8100
O100740,2025-07-31,Beta T-shirt,Apparel,173.93,1,173.93,East,Dina,C5733
O100741,2024-12-07,Zeta Socks,Accessories,115.18,1,115.18,North,Ehsan,C1686
O100742,2025-08-29,Beta T-shirt,Apparel,243.43,1,243.43,Central,Bilal,C2394
O100743,2025-04-22,Delta Cap,Accessories,136.88,1,136.88,Central,Bilal,C3621
O100744,2025-05-09,Gamma Sneakers,Footwear,58.28,1,58.28,East,Ehsan,C9316
O100745,2025-07-26,Gamma Sneakers,Footwear,112.68,1,112.68,Central,Ehsan,C8133
O100746,2025-07-23,Alpha Hoodie,Apparel,233.82,1,233.82,West,Fatima,C1118
O100747,2025-02-27,Alpha Hoodie,Apparel,107.6,1,107.6,Central,Ayesha,C5299
O100748,2025-08-25,Epsilon Jacket,Apparel,231.07,3,693.21,Central,Ehsan,C4410
O100749,2025-03-25,Epsilon Jacket,Apparel,73.75,5,368.75,North,Bilal,C6255
O100750,2025-05-27,Kappa Backpack,Accessories,243.75,1,243.75,North,Bilal,C7271
O100751,2024-12-14,Delta Cap,Accessories,203.81,1,203.81,North,Dina,C9484
O100752,2025-03-20,Delta Cap,Accessories,246.71,1,246.71,East,Bilal,C6471
O100753,2025-01-03,Eta Laptop Sleeve,Accessories,231.42,1,231.42,North,Ehsan,C1402
O100754,2025-10-12,Iota Charger,Electronics,226.84,1,226.84,North,Ayesha,C6257
O100755,2024-12-05,Kappa Backpack,Accessories,61.78,1,61.78,West,Ehsan,C7456
O100756,2025-01-24,Zeta Socks,Accessories,36.95,1,36.95,South,Ayesha,C5542
O100757,2024-12-04,Epsilon Jacket,Apparel,29.06,1,29.06,South,Bilal,C1738
O100758,2025-02-24,Iota Charger,Electronics,70.56,1,70.56,North,Bilal,C1277
O100759,2025-04-27,Delta Cap,Accessories,171.1,1,171.1,East,Bilal,C3512
O100760,2025-11-01,Gamma Sneakers,Footwear,210.18,1,210.18,North,Carlos,C7847
O100761,2025-02-28,Gamma Sneakers,Footwear,25.96,1,25.96,Central,Bilal,C1071
O100762,2025-01-04,Gamma Sneakers,Footwear,180.12,1,180.12,South,Fatima,C3967
O100763,2025-07-30,Gamma Sneakers,Footwear,182.37,1,182.37,Central,Fatima,C5508
O100764,2025-06-24,Beta T-shirt,Apparel,102.84,4,411.36,North,Dina,C4756
O100765,2025-08-14,Delta Cap,Accessories,195.08,1,195.08,South,Ayesha,C8829
O100766,2025-05-09,Theta Watch,Electronics,96.24,5,481.2,East,Fatima,C4524
O100767,2025-09-26,Kappa Backpack,Accessories,140.6,3,421.8,South,Fatima,C2457
O100768,2025-09-02,Zeta Socks,Accessories,200.43,1,200.43,South,Bilal,C8136
O100769,2025-04-25,Epsilon Jacket,Apparel,143.15,1,143.15,West,Fatima,C6107
O100770,2025-10-14,Epsilon Jacket,Apparel,9.03,1,9.03,South,Fatima,C4860
O100771,2025-02-13,Theta Watch,Electronics,160.85,1,160.85,South,Carlos,C5870
O100772,2025-07-20,Beta T-shirt,Apparel,170.36,1,170.36,South,Dina,C1065
O100773,2025-09-03,Alpha Hoodie,Apparel,62.09,1,62.09,Central,Carlos,C4131
O100774,2025-01-23,Delta Cap,Accessories,201.22,1,201.22,West,Bilal,C5147
O100775,2025-08-19,Kappa Backpack,Accessories,74.55,1,74.55,East,Ayesha,C5348
O100776,2025-10-14,Gamma Sneakers,Footwear,174.09,1,174.09,West,Fatima,C7843
O100777,2025-11-13,Kappa Backpack,Accessories,175.49,2,350.98,East,Ayesha,C1037
O100778,2025-07-02,Gamma Sneakers,Footwear,66.51,1,66.51,North,Ayesha,C3979
O100779,2025-01-18,Iota Charger,Electronics,116.13,2,232.26,West,Ayesha,C5051
O100780,2025-04-08,Beta T-shirt,Apparel,245.39,2,490.78,North,Ehsan,C3427
O100781,2025-02-03,Theta Watch,Electronics,223.34,10,2233.4,South,Bilal,C5606
O100782,2025-08-13,Iota Charger,Electronics,196.53,1,196.53,North,Fatima,C1427
O100783,2025-08-01,Delta Cap,Accessories,151.44,1,151.44,Central,Ayesha,C5721
O100784,2025-03-02,Iota Charger,Electronics,126.21,1,126.21,Central,Fatima,C4210
O100785,2024-12-02,Epsilon Jacket,Apparel,88.0,1,88.0,South,Dina,C9793
O100786,2025-07-13,Alpha Hoodie,Apparel,12.34,1,12.34,East,Ayesha,C3787
O100787,2025-05-31,Kappa Backpack,Accessories,175.53,1,175.53,Central,Carlos,C2127
O100788,2025-01-20,Theta Watch,Electronics,135.38,1,135.38,Central,Bilal,C8963
O100789,2025-09-07,Alpha Hoodie,Apparel,175.47,1,175.47,North,Bilal,C4424
O100790,2025-08-08,Eta Laptop Sleeve,Accessories,243.14,1,243.14,North,Fatima,C4333
O100791,2025-08-27,Zeta Socks,Accessories,35.24,3,105.72,West,Ehsan,C3996
O100792,2025-10-15,Beta T-shirt,Apparel,38.15,3,114.45,South,Fatima,C8752
O100793,2025-11-06,Alpha Hoodie,Apparel,197.52,4,790.08,East,Ayesha,C5857
O100794,2025-04-25,Theta Watch,Electronics,104.47,1,104.47,Central,Bilal,C8659
O100795,2025-07-19,Zeta Socks,Accessories,127.53,1,127.53,North,Ayesha,C9220
O100796,2025-06-24,Delta Cap,Accessories,161.5,1,161.5,South,Bilal,C3617
O100797,2025-11-28,Beta T-shirt,Apparel,92.59,1,92.59,East,Carlos,C2952
O100798,2025-01-12,Eta Laptop Sleeve,Accessories,57.9,4,231.6,Central,Ehsan,C8266
O100799,2025-07-10,Zeta Socks,Accessories,212.14,1,212.14,East,Carlos,C9169
O100800,2025-04-24,Alpha Hoodie,Apparel,173.01,1,173.01,East,Bilal,C8906
O100801,2025-02-17,Gamma Sneakers,Footwear,62.49,1,62.49,West,Ehsan,C7846
O100802,2025-11-05,Alpha Hoodie,Apparel,27.9,1,27.9,Central,Bilal,C8473
O100803,2024-12-18,Epsilon Jacket,Apparel,68.31,1,68.31,West,Ehsan,C6977
O100804,2025-05-20,Iota Charger,Electronics,116.05,4,464.2,Central,Ayesha,C1496
O100805,2025-10-05,Iota Charger,Electronics,80.37,2,160.74,North,Ehsan,C8534
O100806,2025-07-18,Epsilon Jacket,Apparel,221.71,5,1108.55,West,Ayesha,C5954
O100807,2025-08-22,Epsilon Jacket,Apparel,129.9,3,389.7,West,Fatima,C8480
O100808,2025-04-27,Kappa Backpack,Accessories,101.16,1,101.16,Central,Ayesha,C4882
O100809,2025-06-23,Beta T-shirt,Apparel,224.24,2,448.48,North,Ayesha,C6356
O100810,2025-05-04,Beta T-shirt,Apparel,35.14,2,70.28,North,Dina,C7595
O100811,2025-03-09,Epsilon Jacket,Apparel,201.02,1,201.02,South,Carlos,C9107
O100812,2025-01-05,Eta Laptop Sleeve,Accessories,125.91,1,125.91,West,Fatima,C2858
O100813,2025-02-26,Delta Cap,Accessories,108.83,1,108.83,South,Fatima,C8787
O100814,2025-11-18,Iota Charger,Electronics,13.3,1,13.3,Central,Dina,C8233
O100815,2025-10-23,Eta Laptop Sleeve,Accessories,216.35,1,216.35,South,Fatima,C5354
O100816,2025-10-22,Gamma Sneakers,Footwear,31.09,1,31.09,Central,Ayesha,C2737
O100817,2025-07-02,Beta T-shirt,Apparel,123.36,1,123.36,East,Ayesha,C8111
O100818,2025-02-20,Gamma Sneakers,Footwear,157.2,10,1572.0,West,Ehsan,C2924
O100819,2025-02-19,Beta T-shirt,Apparel,220.27,1,220.27,East,Fatima,C3313
O100820,2025-01-12,Kappa Backpack,Accessories,147.53,1,147.53,Central,Ayesha,C7146
O100821,2025-06-21,Zeta Socks,Accessories,55.81,1,55.81,West,Ehsan,C6943
O100822,2025-02-26,Epsilon Jacket,Apparel,66.09,1,66.09,Central,Ehsan,C4763
O100823,2025-07-18,Iota Charger,Electronics,78.58,1,78.58,North,Dina,C7065
O100824,2025-04-03,Gamma Sneakers,Footwear,75.16,1,75.16,South,Ayesha,C8782
O100825,2025-08-29,Kappa Backpack,Accessories,192.85,1,192.85,North,Ehsan,C9969
O100826,2025-07-11,Theta Watch,Electronics,46.59,1,46.59,East,Bilal,C1615
O100827,2025-06-24,Alpha Hoodie,Apparel,230.64,3,691.92,Central,Fatima,C1955
O100828,2025-07-24,Eta Laptop Sleeve,Accessories,90.1,1,90.1,Central,Ehsan,C5760
O100829,2025-08-23,Theta Watch,Electronics,147.04,1,147.04,East,Dina,C1217
O100830,2025-06-29,Alpha Hoodie,Apparel,15.19,1,15.19,East,Dina,C9365
O100831,2025-09-26,Gamma Sneakers,Footwear,239.31,1,239.31,South,Fatima,C5538
O100832,2025-08-16,Zeta Socks,Accessories,237.05,2,474.1,West,Carlos,C7507
O100833,2025-10-13,Zeta Socks,Accessories,15.47,2,30.94,South,Ehsan,C2396
O100834,2025-06-01,Beta T-shirt,Apparel,242.62,1,242.62,Central,Fatima,C5140
O100835,2025-06-18,Delta Cap,Accessories,83.4,1,83.4,South,Ehsan,C5260
O100836,2024-12-16,Zeta Socks,Accessories,216.45,2,432.9,East,Ayesha,C4040
O100837,2025-11-19,Zeta Socks,Accessories,186.01,1,186.01,Central,Carlos,C8748
O100838,2025-02-14,Delta Cap,Accessories,174.92,4,699.68,East,Carlos,C5094
O100839,2025-10-10,Beta T-shirt,Apparel,180.17,2,360.34,West,Fatima,C7847
O100840,2025-05-27,Alpha Hoodie,Apparel,86.27,1,86.27,East,Fatima,C5516
O100841,2025-03-12,Zeta Socks,Accessories,226.23,1,226.23,North,Dina,C6454
O100842,2024-12-02,Theta Watch,Electronics,133.62,1,133.62,North,Carlos,C7780
O100843,2025-08-17,Zeta Socks,Accessories,126.45,1,126.45,East,Ehsan,C9405
O100844,2025-06-06,Kappa Backpack,Accessories,234.47,3,703.41,East,Bilal,C5973
O100845,2025-08-27,Kappa Backpack,Accessories,235.16,1,235.16,Central,Fatima,C6529
O100846,2025-09-10,Iota Charger,Electronics,70.41,1,70.41,Central,Ayesha,C2446
O100847,2025-08-28,Epsilon Jacket,Apparel,42.35,1,42.35,East,Dina,C2749
O100848,2024-12-18,Beta T-shirt,Apparel,213.06,1,213.06,Central,Dina,C9787
O100849,2025-07-31,Iota Charger,Electronics,191.32,1,191.32,South,Ayesha,C9212
O100850,2025-05-10,Theta Watch,Electronics,65.38,1,65.38,North,Fatima,C8057
O100851,2025-11-29,Delta Cap,Accessories,225.18,1,225.18,South,Carlos,C8382
O100852,2025-08-24,Alpha Hoodie,Apparel,156.28,5,781.4,East,Carlos,C5331
O100853,2025-11-29,Alpha Hoodie,Apparel,32.15,5,160.75,South,Carlos,C6122
O100854,2025-10-13,Zeta Socks,Accessories,21.83,1,21.83,South,Ayesha,C6948
O100855,2025-08-29,Zeta Socks,Accessories,62.3,1,62.3,South,Fatima,C1581
O100856,2025-08-04,Kappa Backpack,Accessories,39.71,1,39.71,West,Ayesha,C1402
O100857,2025-07-28,Epsilon Jacket,Apparel,149.76,1,149.76,East,Ayesha,C7841
O100858,2025-06-01,Kappa Backpack,Accessories,149.26,3,447.78,East,Ayesha,C6677
O100859,2025-09-06,Zeta Socks,Accessories,53.16,5,265.8,East,Carlos,C3551
O100860,2025-05-21,Eta Laptop Sleeve,Accessories,128.9,5,644.5,South,Bilal,C6412
O100861,2025-01-27,Gamma Sneakers,Footwear,202.24,1,202.24,South,Dina,C8708
O100862,2025-04-24,Iota Charger,Electronics,112.44,1,112.44,South,Bilal,C5616
O100863,2025-01-26,Delta Cap,Accessories,29.68,1,29.68,South,Ayesha,C7220
O100864,2024-12-15,Theta Watch,Electronics,181.44,2,362.88,West,Bilal,C2371
O100865,2025-01-20,Delta Cap,Accessories,193.7,1,193.7,West,Ehsan,C2600
O100866,2025-06-20,Iota Charger,Electronics,84.56,2,169.12,West,Bilal,C2296
O100867,2025-09-21,Alpha Hoodie,Apparel,110.39,1,110.39,South,Fatima,C4994
O100868,2025-07-19,Iota Charger,Electronics,18.13,1,18.13,North,Fatima,C2051
O100869,2025-11-09,Iota Charger,Electronics,150.76,1,150.76,North,Fatima,C9403
O100870,2025-08-14,Iota Charger,Electronics,90.35,1,90.35,East,Fatima,C3148
O100871,2025-04-14,Iota Charger,Electronics,15.8,5,79.0,Central,Ehsan,C5670
O100872,2024-12-21,Eta Laptop Sleeve,Accessories,84.21,2,168.42,South,Fatima,C2150
O100873,2025-01-01,Eta Laptop Sleeve,Accessories,181.63,1,181.63,West,Ayesha,C2387
O100874,2025-09-29,Beta T-shirt,Apparel,70.58,10,705.8,East,Ehsan,C2174
O100875,2025-04-15,Gamma Sneakers,Footwear,89.99,1,89.99,South,Carlos,C3963
O100876,2025-05-09,Gamma Sneakers,Footwear,187.64,5,938.2,North,Carlos,C4239
O100877,2025-11-26,Alpha Hoodie,Apparel,224.06,1,224.06,West,Dina,C2654
O100878,2025-05-03,Epsilon Jacket,Apparel,159.47,1,159.47,West,Carlos,C2168
O100879,2025-09-10,Gamma Sneakers,Footwear,40.11,1,40.11,East,Ehsan,C2513
O100880,2025-10-13,Eta Laptop Sleeve,Accessories,148.13,1,148.13,North,Ehsan,C7008
O100881,2025-11-13,Alpha Hoodie,Apparel,132.79,1,132.79,West,Carlos,C5912
O100882,2025-01-27,Gamma Sneakers,Footwear,241.23,1,241.23,Central,Fatima,C5238
O100883,2024-12-21,Iota Charger,Electronics,248.26,1,248.26,East,Ayesha,C7941
O100884,2025-10-12,Gamma Sneakers,Footwear,176.58,1,176.58,North,Fatima,C9132
O100885,2025-03-07,Beta T-shirt,Apparel,31.07,1,31.07,North,Bilal,C3372
O100886,2025-01-16,Theta Watch,Electronics,114.25,2,228.5,West,Carlos,C3616
O100887,2025-01-01,Theta Watch,Electronics,86.89,2,173.78,South,Ehsan,C3001
O100888,2024-12-01,Kappa Backpack,Accessories,110.68,1,110.68,Central,Carlos,C1754
O100889,2025-05-16,Gamma Sneakers,Footwear,12.15,1,12.15,South,Carlos,C9411
O100890,2025-03-09,Alpha Hoodie,Apparel,130.36,1,130.36,West,Dina,C1131
O100891,2025-06-21,Iota Charger,Electronics,111.84,3,335.52,South,Ehsan,C9035
O100892,2025-07-08,Eta Laptop Sleeve,Accessories,73.38,1,73.38,East,Fatima,C1759
O100893,2025-09-24,Alpha Hoodie,Apparel,36.31,4,145.24,East,Ehsan,C1259
O100894,2025-09-20,Zeta Socks,Accessories,83.6,1,83.6,North,Dina,C6988
O100895,2025-10-28,Gamma Sneakers,Footwear,66.67,2,133.34,Central,Fatima,C4671
O100896,2025-11-02,Beta T-shirt,Apparel,166.0,1,166.0,Central,Ayesha,C2450
O100897,2024-12-22,Delta Cap,Accessories,172.69,3,518.07,South,Fatima,C1852
O100898,2025-02-22,Eta Laptop Sleeve,Accessories,55.51,1,55.51,Central,Fatima,C8684
O100899,2025-07-11,Eta Laptop Sleeve,Accessories,141.51,1,141.51,Central,Ayesha,C6300
O100900,2025-01-17,Gamma Sneakers,Footwear,224.83,1,224.83,Central,Ehsan,C5557
O100901,2025-07-31,Kappa Backpack,Accessories,175.66,1,175.66,West,Carlos,C6935
O100902,2025-03-24,Delta Cap,Accessories,47.27,1,47.27,Central,Ayesha,C5432
O100903,2025-01-06,Delta Cap,Accessories,12.05,1,12.05,Central,Bilal,C7185
O100904,2025-06-06,Alpha Hoodie,Apparel,63.33,1,63.33,North,Fatima,C2716
O100905,2025-06-19,Theta Watch,Electronics,40.65,10,406.5,East,Carlos,C6613
O100906,2025-04-23,Theta Watch,Electronics,138.49,1,138.49,Central,Dina,C1420
O100907,2024-12-20,Eta Laptop Sleeve,Accessories,163.0,1,163.0,South,Ehsan,C7180
O100908,2024-12-08,Alpha Hoodie,Apparel,33.21,2,66.42,East,Ehsan,C5603
O100909,2025-03-29,Eta Laptop Sleeve,Accessories,133.52,1,133.52,East,Ayesha,C5494
O100910,2025-01-05,Kappa Backpack,Accessories,222.65,1,222.65,Central,Bilal,C9588
O100911,2025-06-19,Kappa Backpack,Accessories,188.8,2,377.6,Central,Ehsan,C1222
O100912,2024-12-24,Beta T-shirt,Apparel,22.98,1,22.98,North,Ehsan,C1418
O100913,2025-09-28,Beta T-shirt,Apparel,156.89,1,156.89,North,Ehsan,C5396
O100914,2025-07-02,Beta T-shirt,Apparel,106.62,1,106.62,South,Carlos,C9546
O100915,2025-04-11,Eta Laptop Sleeve,Accessories,229.59,1,229.59,North,Carlos,C7701
O100916,2025-06-02,Epsilon Jacket,Apparel,162.16,4,648.64,South,Ehsan,C5177
O100917,2025-06-22,Iota Charger,Electronics,87.5,2,175.0,Central,Dina,C9104
O100918,2024-12-11,Alpha Hoodie,Apparel,70.57,1,70.57,East,Ehsan,C7443
O100919,2025-03-27,Alpha Hoodie,Apparel,230.91,1,230.91,South,Dina,C6378
O100920,2025-02-03,Iota Charger,Electronics,162.6,1,162.6,East,Ehsan,C2619
O100921,2025-06-09,Zeta Socks,Accessories,8.17,1,8.17,Central,Ehsan,C2633
O100922,2025-03-19,Alpha Hoodie,Apparel,124.59,1,124.59,Central,Carlos,C3478
O100923,2025-05-18,Gamma Sneakers,Footwear,166.19,1,166.19,Central,Carlos,C5839
O100924,2025-10-11,Epsilon Jacket,Apparel,157.59,5,787.95,Central,Fatima,C7868
O100925,2025-10-12,Kappa Backpack,Accessories,8.21,1,8.21,East,Carlos,C3064
O100926,2025-11-21,Zeta Socks,Accessories,126.91,1,126.91,South,Ehsan,C9703
O100927,2025-06-16,Delta Cap,Accessories,73.5,1,73.5,West,Fatima,C7094
O100928,2025-08-25,Eta Laptop Sleeve,Accessories,94.03,1,94.03,East,Dina,C8477
O100929,2025-08-03,Alpha Hoodie,Apparel,111.76,1,111.76,South,Ehsan,C9979
O100930,2024-12-06,Zeta Socks,Accessories,56.16,10,561.6,West,Ehsan,C7024
O100931,2025-09-11,Delta Cap,Accessories,33.83,1,33.83,East,Ehsan,C9742
O100932,2025-02-09,Epsilon Jacket,Apparel,187.42,1,187.42,West,Bilal,C6549
O100933,2025-09-19,Beta T-shirt,Apparel,95.17,2,190.34,North,Ayesha,C4878
O100934,2024-12-11,Kappa Backpack,Accessories,82.43,3,247.29,South,Ayesha,C3679
O100935,2025-09-20,Gamma Sneakers,Footwear,23.05,2,46.1,North,Fatima,C5722
O100936,2025-06-07,Beta T-shirt,Apparel,245.75,1,245.75,West,Bilal,C9795
O100937,2025-08-19,Theta Watch,Electronics,175.01,1,175.01,West,Fatima,C4308
O100938,2025-07-29,Gamma Sneakers,Footwear,45.21,2,90.42,East,Ayesha,C1258
O100939,2025-09-25,Epsilon Jacket,Apparel,66.58,1,66.58,North,Carlos,C2907
O100940,2025-07-10,Epsilon Jacket,Apparel,14.32,1,14.32,West,Fatima,C6706
O100941,2024-12-13,Gamma Sneakers,Footwear,195.83,1,195.83,East,Fatima,C1604
O100942,2025-06-04,Epsilon Jacket,Apparel,167.67,1,167.67,North,Ayesha,C9281
O100943,2025-06-27,Theta Watch,Electronics,238.6,1,238.6,East,Ehsan,C4534
O100944,2025-08-10,Eta Laptop Sleeve,Accessories,65.49,3,196.47,East,Dina,C3907
O100945,2024-12-12,Delta Cap,Accessories,125.75,3,377.25,East,Ayesha,C9251
O100946,2025-05-12,Theta Watch,Electronics,159.47,2,318.94,West,Ayesha,C6464
O100947,2025-01-26,Theta Watch,Electronics,194.82,10,1948.2,West,Dina,C6227
O100948,2024-12-13,Alpha Hoodie,Apparel,200.66,10,2006.6,Central,Ehsan,C8909
O100949,2025-10-27,Zeta Socks,Accessories,89.02,1,89.02,South,Dina,C6811
O100950,2025-02-12,Delta Cap,Accessories,163.75,2,327.5,South,Fatima,C5373
O100951,2025-01-14,Alpha Hoodie,Apparel,209.67,2,419.34,East,Dina,C6689
O100952,2024-12-15,Eta Laptop Sleeve,Accessories,213.29,2,426.58,Central,Bilal,C1352
O100953,2025-10-14,Delta Cap,Accessories,26.8,2,53.6,West,Fatima,C5499
O100954,2025-05-24,Iota Charger,Electronics,244.76,3,734.28,Central,Ayesha,C4382
O100955,2025-09-17,Theta Watch,Electronics,26.1,1,26.1,South,Bilal,C6143
O100956,2025-01-09,Theta Watch,Electronics,222.51,1,222.51,North,Bilal,C2848
O100957,2025-06-26,Delta Cap,Accessories,234.47,1,234.47,Central,Ayesha,C9348
O100958,2024-12-29,Delta Cap,Accessories,21.3,1,21.3,West,Carlos,C7529
O100959,2025-04-20,Epsilon Jacket,Apparel,199.07,3,597.21,South,Ehsan,C9649
O100960,2025-10-15,Theta Watch,Electronics,146.56,1,146.56,Central,Bilal,C7220
O100961,2025-05-19,Iota Charger,Electronics,43.42,2,86.84,Central,Carlos,C7430
O100962,2025-06-15,Beta T-shirt,Apparel,173.63,1,173.63,Central,Ehsan,C7128
O100963,2025-07-11,Theta Watch,Electronics,116.56,1,116.56,West,Dina,C9176
O100964,2025-10-03,Theta Watch,Electronics,90.37,10,903.7,East,Bilal,C2981
O100965,2025-05-13,Kappa Backpack,Accessories,239.33,1,239.33,Central,Fatima,C4343
O100966,2025-04-11,Alpha Hoodie,Apparel,97.42,1,97.42,East,Ayesha,C9181
O100967,2025-11-09,Zeta Socks,Accessories,133.31,1,133.31,South,Ehsan,C3661
O100968,2025-05-11,Beta T-shirt,Apparel,154.01,1,154.01,West,Carlos,C9931
O100969,2025-01-10,Theta Watch,Electronics,138.53,3,415.59,East,Dina,C2576
O100970,2025-09-09,Eta Laptop Sleeve,Accessories,73.3,1,73.3,Central,Dina,C6758
O100971,2025-04-20,Alpha Hoodie,Apparel,178.77,4,715.08,North,Bilal,C9949
O100972,2025-07-11,Eta Laptop Sleeve,Accessories,226.56,1,226.56,South,Bilal,C8161
O100973,2025-01-19,Alpha Hoodie,Apparel,137.83,1,137.83,North,Ehsan,C6325
O100974,2024-12-11,Iota Charger,Electronics,113.93,5,569.65,North,Dina,C8079
O100975,2025-06-02,Epsilon Jacket,Apparel,247.5,10,2475.0,West,Bilal,C7826
O100976,2025-02-17,Eta Laptop Sleeve,Accessories,56.23,1,56.23,Central,Carlos,C7584
O100977,2025-07-30,Epsilon Jacket,Apparel,208.07,1,208.07,Central,Fatima,C7361
O100978,2025-06-19,Alpha Hoodie,Apparel,24.23,3,72.69,West,Bilal,C4299
O100979,2025-01-25,Epsilon Jacket,Apparel,155.17,1,155.17,North,Fatima,C2509
O100980,2025-07-17,Iota Charger,Electronics,182.31,1,182.31,East,Ayesha,C4926
O100981,2025-10-17,Delta Cap,Accessories,249.22,1,249.22,South,Ehsan,C1677
O100982,2025-06-10,Theta Watch,Electronics,156.68,3,470.04,South,Fatima,C3300
O100983,2025-03-31,Delta Cap,Accessories,200.21,1,200.21,South,Fatima,C2254
O100984,2025-05-14,Alpha Hoodie,Apparel,98.76,1,98.76,East,Dina,C6153
O100985,2025-06-21,Zeta Socks,Accessories,80.29,1,80.29,West,Fatima,C8792
O100986,2025-03-28,Gamma Sneakers,Footwear,205.05,1,205.05,Central,Dina,C1419
O100987,2024-12-25,Theta Watch,Electronics,66.56,1,66.56,South,Dina,C3805
O100988,2025-07-22,Kappa Backpack,Accessories,18.48,1,18.48,East,Fatima,C8346
O100989,2025-02-08,Alpha Hoodie,Apparel,230.51,4,922.04,West,Carlos,C9804
O100990,2025-09-29,Kappa Backpack,Accessories,46.67,4,186.68,Central,Bilal,C4991
O100991,2025-08-23,Kappa Backpack,Accessories,109.26,2,218.52,Central,Dina,C4818
O100992,2025-07-07,Kappa Backpack,Accessories,86.92,1,86.92,Central,Ayesha,C6882
O100993,2025-07-28,Gamma Sneakers,Footwear,165.21,5,826.05,West,Carlos,C4179
O100994,2025-11-15,Theta Watch,Electronics,92.27,1,92.27,South,Dina,C3422
O100995,2025-02-08,Alpha Hoodie,Apparel,32.71,1,32.71,South,Ehsan,C6061
O100996,2025-07-01,Kappa Backpack,Accessories,27.48,4,109.92,West,Ayesha,C6387
O100997,2025-10-14,Gamma Sneakers,Footwear,124.52,1,124.52,South,Dina,C6454
O100998,2025-02-02,Beta T-shirt,Apparel,44.53,4,178.12,South,Carlos,C8243
O100999,2025-08-31,Kappa Backpack,Accessories,23.65,5,118.25,Central,Ayesha,C8968
O101000,2025-06-27,Delta Cap,Accessories,89.09,2,178.18,South,Bilal,C1084
O101001,2025-10-12,Eta Laptop Sleeve,Accessories,202.9,1,202.9,South,Fatima,C7692
O101002,2025-06-26,Zeta Socks,Accessories,224.32,2,448.64,South,Ayesha,C2803
O101003,2025-10-20,Theta Watch,Electronics,211.04,1,211.04,West,Dina,C7976
O101004,2025-10-11,Kappa Backpack,Accessories,29.67,1,29.67,North,Ehsan,C7732
O101005,2025-10-07,Iota Charger,Electronics,152.99,1,152.99,Central,Ayesha,C5456
O101006,2025-03-21,Kappa Backpack,Accessories,173.69,1,173.69,Central,Fatima,C1990
O101007,2025-10-12,Eta Laptop Sleeve,Accessories,248.31,1,248.31,West,Ayesha,C8717
O101008,2025-02-23,Beta T-shirt,Apparel,115.87,5,579.35,West,Ayesha,C4013
O101009,2024-12-05,Alpha Hoodie,Apparel,69.04,1,69.04,South,Dina,C2198
O101010,2025-11-18,Theta Watch,Electronics,28.85,1,28.85,North,Dina,C1144
O101011,2025-11-01,Delta Cap,Accessories,187.84,1,187.84,Central,Bilal,C2402
O101012,2025-05-17,Zeta Socks,Accessories,132.37,1,132.37,Central,Ayesha,C6946
O101013,2025-10-07,Epsilon Jacket,Apparel,72.61,1,72.61,Central,Fatima,C1458
O101014,2025-02-22,Alpha Hoodie,Apparel,202.47,2,404.94,Central,Ayesha,C2392
O101015,2024-12-10,Theta Watch,Electronics,114.21,1,114.21,Central,Bilal,C3785
O101016,2025-03-20,Eta Laptop Sleeve,Accessories,203.32,1,203.32,South,Fatima,C9019
O101017,2025-08-16,Kappa Backpack,Accessories,147.72,1,147.72,West,Carlos,C6481
O101018,2025-10-23,Eta Laptop Sleeve,Accessories,181.1,3,543.3,East,Fatima,C6673
O101019,2025-06-18,Zeta Socks,Accessories,102.49,1,102.49,West,Fatima,C7479
O101020,2025-11-21,Zeta Socks,Accessories,165.1,3,495.3,South,Ayesha,C4460
O101021,2025-03-25,Beta T-shirt,Apparel,102.97,1,102.97,South,Ayesha,C5254
O101022,2025-01-29,Beta T-shirt,Apparel,135.6,1,135.6,East,Bilal,C7776
O101023,2025-02-26,Epsilon Jacket,Apparel,249.03,1,249.03,East,Ehsan,C3906
O101024,2025-11-04,Epsilon Jacket,Apparel,136.2,1,136.2,North,Carlos,C6249
O101025,2025-09-24,Theta Watch,Electronics,155.36,1,155.36,Central,Carlos,C5873
O101026,2025-11-04,Zeta Socks,Accessories,246.12,2,492.24,West,Bilal,C3801
O101027,2025-02-21,Alpha Hoodie,Apparel,109.82,1,109.82,South,Ayesha,C8035
O101028,2025-11-30,Gamma Sneakers,Footwear,131.5,1,131.5,West,Ehsan,C4559
O101029,2025-06-18,Gamma Sneakers,Footwear,205.2,2,410.4,Central,Fatima,C4814
O101030,2025-03-04,Gamma Sneakers,Footwear,147.02,1,147.02,West,Carlos,C2422
O101031,2024-12-12,Gamma Sneakers,Footwear,202.73,10,2027.3,West,Fatima,C3546
O101032,2025-11-12,Delta Cap,Accessories,132.87,1,132.87,East,Fatima,C2552
O101033,2025-01-08,Kappa Backpack,Accessories,199.97,1,199.97,Central,Fatima,C9602
O101034,2025-08-30,Gamma Sneakers,Footwear,201.8,1,201.8,North,Ehsan,C5007
O101035,2025-04-25,Alpha Hoodie,Apparel,83.22,1,83.22,Central,Dina,C8163
O101036,2025-09-23,Zeta Socks,Accessories,207.7,1,207.7,East,Carlos,C1107
O101037,2025-01-20,Gamma Sneakers,Footwear,203.59,2,407.18,Central,Fatima,C3511
O101038,2025-06-09,Kappa Backpack,Accessories,60.77,3,182.31,South,Ehsan,C7960
O101039,2025-01-30,Iota Charger,Electronics,130.68,1,130.68,South,Dina,C4064
O101040,2025-10-20,Alpha Hoodie,Apparel,46.16,2,92.32,North,Fatima,C2988
O101041,2025-01-30,Gamma Sneakers,Footwear,229.76,1,229.76,Central,Fatima,C4433
O101042,2025-03-05,Alpha Hoodie,Apparel,27.56,1,27.56,West,Ehsan,C2112
O101043,2024-12-07,Alpha Hoodie,Apparel,50.26,1,50.26,West,Ayesha,C5007
O101044,2025-01-25,Kappa Backpack,Accessories,163.83,4,655.32,West,Ehsan,C3963
O101045,2025-04-15,Kappa Backpack,Accessories,204.94,1,204.94,South,Ayesha,C9355
O101046,2025-11-20,Epsilon Jacket,Apparel,160.04,2,320.08,Central,Carlos,C6512
O101047,2025-06-19,Gamma Sneakers,Footwear,201.35,10,2013.5,West,Carlos,C8643
O101048,2025-06-27,Alpha Hoodie,Apparel,21.81,1,21.81,East,Dina,C6298
O101049,2025-03-24,Delta Cap,Accessories,207.78,1,207.78,South,Fatima,C1097
O101050,2025-05-21,Beta T-shirt,Apparel,9.97,1,9.97,North,Ehsan,C9742
O101051,2025-06-03,Eta Laptop Sleeve,Accessories,230.41,1,230.41,Central,Dina,C7716
O101052,2025-04-10,Alpha Hoodie,Apparel,143.85,1,143.85,Central,Carlos,C7117
O101053,2025-02-05,Theta Watch,Electronics,131.76,1,131.76,West,Carlos,C7034
O101054,2025-09-03,Delta Cap,Accessories,34.52,1,34.52,Central,Bilal,C5267
O101055,2024-12-07,Epsilon Jacket,Apparel,160.04,1,160.04,East,Ayesha,C6218
O101056,2025-07-07,Kappa Backpack,Accessories,188.57,3,565.71,West,Dina,C2486
O101057,2025-02-08,Theta Watch,Electronics,108.29,1,108.29,West,Dina,C8649
O101058,2024-12-07,Epsilon Jacket,Apparel,21.58,1,21.58,North,Dina,C1561
O101059,2025-07-28,Delta Cap,Accessories,51.9,2,103.8,North,Dina,C5329
O101060,2025-08-31,Iota Charger,Electronics,215.45,1,215.45,West,Bilal,C2164
O101061,2025-06-08,Beta T-shirt,Apparel,65.49,1,65.49,North,Fatima,C3534
O101062,2025-10-20,Kappa Backpack,Accessories,24.17,1,24.17,South,Dina,C7278
O101063,2025-07-13,Epsilon Jacket,Apparel,134.76,1,134.76,East,Ehsan,C8973
O101064,2025-04-07,Beta T-shirt,Apparel,175.88,1,175.88,West,Ayesha,C6537
O101065,2025-02-04,Beta T-shirt,Apparel,219.44,3,658.32,South,Carlos,C3415
O101066,2025-01-06,Kappa Backpack,Accessories,136.25,1,136.25,East,Ehsan,C6961
O101067,2025-06-04,Zeta Socks,Accessories,44.66,1,44.66,West,Fatima,C7214
O101068,2025-03-11,Epsilon Jacket,Apparel,38.1,1,38.1,West,Bilal,C5613
O101069,2025-04-10,Kappa Backpack,Accessories,227.63,5,1138.15,West,Bilal,C6387
O101070,2025-08-05,Eta Laptop Sleeve,Accessories,189.2,1,189.2,East,Bilal,C8935
O101071,2025-06-29,Theta Watch,Electronics,168.09,1,168.09,West,Bilal,C6332
O101072,2025-04-12,Iota Charger,Electronics,209.5,1,209.5,West,Carlos,C7824
O101073,2025-01-09,Gamma Sneakers,Footwear,226.0,1,226.0,Central,Ehsan,C2687
O101074,2024-12-26,Eta Laptop Sleeve,Accessories,27.21,1,27.21,South,Fatima,C1736
O101075,2025-11-14,Iota Charger,Electronics,91.66,1,91.66,Central,Ayesha,C4555
O101076,2025-02-15,Alpha Hoodie,Apparel,135.68,5,678.4,Central,Fatima,C2743
O101077,2024-12-26,Delta Cap,Accessories,58.96,5,294.8,West,Fatima,C5243
O101078,2025-08-06,Beta T-shirt,Apparel,85.09,1,85.09,West,Fatima,C3244
O101079,2025-07-17,Gamma Sneakers,Footwear,123.06,5,615.3,West,Dina,C4401
O101080,2025-11-23,Theta Watch,Electronics,157.15,1,157.15,North,Bilal,C4707
O101081,2025-07-21,Iota Charger,Electronics,28.5,1,28.5,South,Bilal,C2226
O101082,2025-11-04,Iota Charger,Electronics,96.79,1,96.79,North,Dina,C5956
O101083,2025-09-20,Eta Laptop Sleeve,Accessories,199.26,1,199.26,Central,Bilal,C7003
O101084,2025-04-04,Iota Charger,Electronics,88.99,1,88.99,North,Dina,C8342
O101085,2024-12-06,Delta Cap,Accessories,101.09,1,101.09,West,Carlos,C6619
O101086,2025-03-21,Eta Laptop Sleeve,Accessories,199.77,5,998.85,South,Dina,C3087
O101087,2024-12-29,Delta Cap,Accessories,23.03,1,23.03,North,Bilal,C3255
O101088,2025-09-11,Theta Watch,Electronics,36.27,1,36.27,South,Carlos,C4712
O101089,2025-07-29,Epsilon Jacket,Apparel,53.53,1,53.53,East,Carlos,C5756
O101090,2025-02-19,Alpha Hoodie,Apparel,135.01,1,135.01,West,Carlos,C7663
O101091,2025-04-01,Alpha Hoodie,Apparel,240.71,3,722.13,South,Ayesha,C9291
O101092,2024-12-13,Epsilon Jacket,Apparel,65.37,10,653.7,North,Ehsan,C1287
O101093,2025-02-05,Epsilon Jacket,Apparel,148.48,1,148.48,East,Ayesha,C5010
O101094,2025-04-09,Alpha Hoodie,Apparel,234.13,1,234.13,South,Bilal,C2561
O101095,2025-10-24,Kappa Backpack,Accessories,40.42,5,202.1,South,Ayesha,C1693
O101096,2025-09-24,Theta Watch,Electronics,232.41,1,232.41,South,Dina,C8934
O101097,2025-10-20,Eta Laptop Sleeve,Accessories,151.48,1,151.48,North,Bilal,C1778
O101098,2025-04-29,Zeta Socks,Accessories,73.88,1,73.88,North,Bilal,C9305
O101099,2025-04-15,Zeta Socks,Accessories,222.63,1,222.63,West,Fatima,C2998
O101100,2025-07-17,Theta Watch,Electronics,103.52,2,207.04,North,Ayesha,C8010
O101101,2025-10-17,Delta Cap,Accessories,62.97,1,62.97,South,Carlos,C3674
O101102,2025-02-25,Theta Watch,Electronics,138.95,3,416.85,West,Ehsan,C1497
O101103,2025-05-30,Delta Cap,Accessories,188.86,1,188.86,North,Ehsan,C2219
O101104,2025-04-21,Theta Watch,Electronics,242.22,1,242.22,South,Carlos,C7634
O101105,2025-01-01,Kappa Backpack,Accessories,234.27,2,468.54,West,Fatima,C3990
O101106,2025-07-13,Beta T-shirt,Apparel,186.47,1,186.47,East,Bilal,C9973
O101107,2025-02-18,Epsilon Jacket,Apparel,56.52,1,56.52,West,Fatima,C6486
O101108,2025-10-25,Delta Cap,Accessories,241.76,1,241.76,South,Ayesha,C8877
O101109,2024-12-25,Kappa Backpack,Accessories,127.61,1,127.61,South,Ehsan,C5361
O101110,2025-01-29,Theta Watch,Electronics,62.23,2,124.46,East,Fatima,C5927
O101111,2025-11-09,Eta Laptop Sleeve,Accessories,24.25,1,24.25,East,Ehsan,C4293
O101112,2025-05-09,Kappa Backpack,Accessories,217.82,1,217.82,East,Bilal,C1581
O101113,2025-05-22,Kappa Backpack,Accessories,12.96,1,12.96,Central,Carlos,C4426
O101114,2025-04-19,Epsilon Jacket,Apparel,28.84,3,86.52,South,Ehsan,C9686
O101115,2025-10-06,Epsilon Jacket,Apparel,125.19,1,125.19,Central,Bilal,C6038
O101116,2025-10-28,Delta Cap,Accessories,74.44,2,148.88,East,Dina,C9432
O101117,2025-03-11,Epsilon Jacket,Apparel,136.12,1,136.12,East,Ayesha,C2340
O101118,2025-07-30,Eta Laptop Sleeve,Accessories,18.45,1,18.45,East,Ehsan,C3539
O101119,2025-10-19,Eta Laptop Sleeve,Accessories,47.6,1,47.6,East,Bilal,C8016
O101120,2025-01-15,Epsilon Jacket,Apparel,191.58,1,191.58,Central,Ayesha,C4919
O101121,2025-02-09,Delta Cap,Accessories,70.62,1,70.62,Central,Carlos,C9199
O101122,2024-12-02,Theta Watch,Electronics,25.21,1,25.21,North,Fatima,C1614
O101123,2024-12-11,Gamma Sneakers,Footwear,50.23,1,50.23,West,Dina,C6933
O101124,2025-11-18,Eta Laptop Sleeve,Accessories,73.22,1,73.22,East,Dina,C2008
O101125,2025-07-08,Delta Cap,Accessories,133.4,4,533.6,West,Dina,C3390
O101126,2025-05-18,Alpha Hoodie,Apparel,53.21,1,53.21,South,Ehsan,C4628
O101127,2025-10-20,Iota Charger,Electronics,49.94,1,49.94,East,Carlos,C2056
O101128,2025-07-01,Zeta Socks,Accessories,186.42,2,372.84,North,Ehsan,C1794
O101129,2025-04-10,Epsilon Jacket,Apparel,141.15,4,564.6,South,Ayesha,C4689
O101130,2025-11-06,Alpha Hoodie,Apparel,164.86,1,164.86,West,Carlos,C9539
O101131,2025-10-10,Iota Charger,Electronics,113.8,3,341.4,South,Carlos,C9256
O101132,2025-09-21,Delta Cap,Accessories,149.49,1,149.49,South,Fatima,C9944
O101133,2025-10-09,Zeta Socks,Accessories,233.42,1,233.42,South,Fatima,C8293
O101134,2025-04-12,Beta T-shirt,Apparel,202.17,1,202.17,East,Ehsan,C4532
O101135,2025-06-28,Epsilon Jacket,Apparel,96.74,1,96.74,South,Carlos,C7634
O101136,2025-04-21,Beta T-shirt,Apparel,202.22,2,404.44,North,Ayesha,C5185
O101137,2025-05-12,Theta Watch,Electronics,48.43,1,48.43,Central,Fatima,C8272
O101138,2025-11-22,Eta Laptop Sleeve,Accessories,38.39,1,38.39,South,Carlos,C5628
O101139,2025-10-05,Eta Laptop Sleeve,Accessories,72.25,4,289.0,West,Ehsan,C6576
O101140,2025-08-11,Theta Watch,Electronics,47.7,3,143.1,South,Ayesha,C2170
O101141,2025-04-13,Gamma Sneakers,Footwear,246.46,1,246.46,South,Ehsan,C3943
O101142,2025-03-21,Eta Laptop Sleeve,Accessories,78.51,1,78.51,North,Carlos,C4462
O101143,2025-11-08,Beta T-shirt,Apparel,231.03,5,1155.15,South,Bilal,C4822
O101144,2025-03-01,Iota Charger,Electronics,57.39,1,57.39,West,Ayesha,C7700
O101145,2025-04-28,Gamma Sneakers,Footwear,218.32,1,218.32,West,Ehsan,C6747
O101146,2025-01-15,Kappa Backpack,Accessories,119.67,3,359.01,North,Ehsan,C1720
O101147,2025-03-26,Zeta Socks,Accessories,179.69,1,179.69,South,Ayesha,C6303
O101148,2025-07-24,Zeta Socks,Accessories,229.95,4,919.8,North,Ehsan,C8462
O101149,2025-08-08,Beta T-shirt,Apparel,178.28,1,178.28,West,Fatima,C5687
O101150,2025-08-04,Iota Charger,Electronics,80.36,1,80.36,West,Bilal,C3615
O101151,2025-05-14,Delta Cap,Accessories,101.56,1,101.56,North,Dina,C8680
O101152,2025-04-23,Iota Charger,Electronics,109.49,1,109.49,East,Ehsan,C7180
O101153,2025-01-11,Gamma Sneakers,Footwear,213.67,1,213.67,East,Fatima,C9989
O101154,2024-12-13,Eta Laptop Sleeve,Accessories,140.13,1,140.13,West,Fatima,C8196
O101155,2025-03-05,Zeta Socks,Accessories,17.32,2,34.64,Central,Dina,C3749
O101156,2025-06-12,Theta Watch,Electronics,16.67,1,16.67,North,Ehsan,C9573
O101157,2025-05-30,Zeta Socks,Accessories,142.71,4,570.84,Central,Ayesha,C4103
O101158,2025-04-13,Beta T-shirt,Apparel,223.48,1,223.48,West,Dina,C7256
O101159,2025-02-02,Iota Charger,Electronics,175.39,1,175.39,East,Ayesha,C3243
O101160,2025-04-18,Zeta Socks,Accessories,171.39,1,171.39,East,Fatima,C6991
O101161,2025-10-05,Alpha Hoodie,Apparel,8.71,1,8.71,Central,Carlos,C4407
O101162,2025-11-14,Zeta Socks,Accessories,129.09,1,129.09,Central,Bilal,C5424
O101163,2025-01-30,Iota Charger,Electronics,215.77,2,431.54,North,Dina,C3549
O101164,2025-01-30,Beta T-shirt,Apparel,43.19,1,43.19,North,Dina,C6411
O101165,2025-10-25,Beta T-shirt,Apparel,114.01,1,114.01,Central,Bilal,C8105
O101166,2025-05-05,Iota Charger,Electronics,166.48,3,499.44,North,Ayesha,C1494
O101167,2025-06-29,Beta T-shirt,Apparel,111.72,1,111.72,East,Ehsan,C7919
O101168,2024-12-27,Iota Charger,Electronics,43.27,1,43.27,Central,Fatima,C7742
O101169,2025-06-28,Beta T-shirt,Apparel,218.89,1,218.89,North,Ayesha,C8294
O101170,2025-09-20,Gamma Sneakers,Footwear,17.36,1,17.36,East,Bilal,C3966
O101171,2025-06-11,Beta T-shirt,Apparel,33.01,1,33.01,South,Ehsan,C5717
O101172,2025-09-25,Kappa Backpack,Accessories,30.97,5,154.85,Central,Bilal,C5158
O101173,2025-03-05,Beta T-shirt,Apparel,156.52,1,156.52,West,Fatima,C8702
O101174,2025-01-17,Iota Charger,Electronics,200.95,1,200.95,West,Ayesha,C9304
O101175,2024-12-13,Kappa Backpack,Accessories,143.34,2,286.68,South,Bilal,C6827
O101176,2025-06-15,Zeta Socks,Accessories,196.04,3,588.12,West,Dina,C6855
O101177,2025-07-15,Iota Charger,Electronics,234.14,3,702.42,West,Dina,C1486
O101178,2025-04-09,Epsilon Jacket,Apparel,231.13,1,231.13,South,Carlos,C1463
O101179,2025-01-10,Alpha Hoodie,Apparel,40.59,1,40.59,West,Fatima,C8803
O101180,2025-11-04,Beta T-shirt,Apparel,219.21,2,438.42,Central,Ehsan,C6984
O101181,2025-06-11,Iota Charger,Electronics,155.57,1,155.57,South,Dina,C6522
O101182,2024-12-13,Epsilon Jacket,Apparel,248.2,1,248.2,Central,Fatima,C9267
O101183,2025-04-09,Gamma Sneakers,Footwear,211.76,1,211.76,South,Carlos,C3864
O101184,2025-05-31,Gamma Sneakers,Footwear,237.64,1,237.64,South,Ehsan,C2231
O101185,2025-05-21,Eta Laptop Sleeve,Accessories,78.81,5,394.05,Central,Carlos,C6681
O101186,2025-05-09,Theta Watch,Electronics,227.46,5,1137.3,West,Fatima,C4419
O101187,2025-07-23,Eta Laptop Sleeve,Accessories,178.49,1,178.49,North,Fatima,C6233
O101188,2025-06-30,Alpha Hoodie,Apparel,51.19,5,255.95,North,Fatima,C9713
O101189,2025-05-24,Zeta Socks,Accessories,177.04,4,708.16,South,Bilal,C4568
O101190,2025-10-17,Epsilon Jacket,Apparel,45.77,1,45.77,North,Carlos,C6633
O101191,2025-04-03,Iota Charger,Electronics,133.35,4,533.4,West,Ayesha,C8558
O101192,2025-01-25,Zeta Socks,Accessories,103.67,1,103.67,West,Dina,C2776
O101193,2025-02-12,Eta Laptop Sleeve,Accessories,213.99,1,213.99,South,Carlos,C6967
O101194,2025-06-06,Delta Cap,Accessories,216.11,1,216.11,East,Ayesha,C8143
O101195,2024-12-18,Delta Cap,Accessories,189.42,1,189.42,North,Bilal,C6738
O101196,2025-10-30,Gamma Sneakers,Footwear,92.72,1,92.72,West,Fatima,C6643
O101197,2025-11-10,Gamma Sneakers,Footwear,225.53,2,451.06,North,Bilal,C1199
O101198,2025-08-13,Zeta Socks,Accessories,236.48,1,236.48,South,Bilal,C3858
O101199,2025-10-27,Beta T-shirt,Apparel,22.47,1,22.47,North,Bilal,C6402
